artistName,completionYear,detailsUrl,imageUrl,title
Claude Monet,1873,http://www.wikiart.org/en/claude-monet/impression-sunrise,https://uploads2.wikiart.org/images/claude-monet/impression-sunrise.jpg,"Impression, sunrise"
Vincent van Gogh,1889,http://www.wikipaintings.org/en/vincent-van-gogh/the-starry-night-1889,https://uploads4.wikiart.org/00142/images/vincent-van-gogh/the-starry-night.jpg,The Starry Night
Georges Seurat,1886,http://www.wikipaintings.org/en/georges-seurat/sunday-afternoon-on-the-island-of-la-grande-jatte-1886,https://uploads4.wikiart.org/images/georges-seurat/sunday-afternoon-on-the-island-of-la-grande-jatte-1886.jpg,Sunday Afternoon on the Island of La Grande Jatte
Claude Monet,1884,http://www.wikipaintings.org/en/claude-monet/haystacks-at-giverny,https://uploads4.wikiart.org/images/claude-monet/haystacks-at-giverny.jpg,Haystacks at Giverny
William Turner,1805,http://www.wikipaintings.org/en/william-turner/the-shipwreck,https://uploads8.wikiart.org/images/william-turner/the-shipwreck.jpg,The Shipwreck
Paul Cezanne,1892,http://www.wikipaintings.org/en/paul-cezanne/the-card-players-1892,https://uploads5.wikiart.org/images/paul-cezanne/the-card-players-1892.jpg,The Card Players
Paul Cezanne,1900,http://www.wikipaintings.org/en/paul-cezanne/large-bathers-1900,https://uploads2.wikiart.org/images/paul-cezanne/large-bathers-1900.jpg,Large Bathers
Paul Cezanne,1895,http://www.wikipaintings.org/en/paul-cezanne/mont-sainte-victoire-3,https://uploads6.wikiart.org/images/paul-cezanne/mont-sainte-victoire-3.jpg,Mont Sainte-Victoire
Henri de Toulouse-Lautrec,1890,http://www.wikipaintings.org/en/henri-de-toulouse-lautrec/at-the-moulin-rouge-the-dance-1890,https://uploads4.wikiart.org/images/henri-de-toulouse-lautrec/at-the-moulin-rouge-the-dance-1890.jpg,"At the Moulin Rouge, The Dance"
Edouard Manet,1874,http://www.wikipaintings.org/en/edouard-manet/the-monet-family-in-their-garden-at-argenteuil-1874,https://uploads3.wikiart.org/images/edouard-manet/the-monet-family-in-their-garden-at-argenteuil-1874(1).jpg,The Monet family in their garden at Argenteuil
Pieter Bruegel the Elder,1559,http://www.wikipaintings.org/en/pieter-bruegel-the-elder/netherlandish-proverbs-1559,https://uploads5.wikiart.org/images/pieter-bruegel-the-elder/netherlandish-proverbs-1559.jpg,Netherlandish Proverbs
Vincent van Gogh,1890,http://www.wikipaintings.org/en/vincent-van-gogh/rest-work-after-millet-1890,https://uploads6.wikiart.org/images/vincent-van-gogh/rest-work-after-millet-1890.jpg,Rest Work (after Millet)
Henri Rousseau,1897,http://www.wikipaintings.org/en/henri-rousseau/the-sleeping-gypsy-1897,https://uploads0.wikiart.org/images/henri-rousseau/the-sleeping-gypsy-1897.jpg,The Sleeping Gypsy
Claude Lorrain,1646,http://www.wikipaintings.org/en/claude-lorrain/embarkation-of-ulysses-1646,https://uploads4.wikiart.org/images/claude-lorrain/embarkation-of-ulysses-1646.jpg,Embarkation of Ulysses
Thomas Eakins,1871,http://www.wikipaintings.org/en/thomas-eakins/max-schmitt-in-a-single-scull-1871,https://uploads1.wikiart.org/images/thomas-eakins/max-schmitt-in-a-single-scull-1871.jpg,Max Schmitt in a Single Scull
Alfred Sisley,1866,http://www.wikipaintings.org/en/alfred-sisley/street-of-marlotte-also-known-as-women-going-to-the-woods-1866,https://uploads2.wikiart.org/images/alfred-sisley/street-of-marlotte-also-known-as-women-going-to-the-woods-1866.jpg,Street of Marlotte (also known as Women Going to the Woods)
Camille Pissarro,1864,http://www.wikipaintings.org/en/camille-pissarro/banks-of-a-river-with-barge,https://uploads6.wikiart.org/images/camille-pissarro/banks-of-a-river-with-barge.jpg,Banks of a River with Barge
Mary Cassatt,1895,http://www.wikipaintings.org/en/mary-cassatt/feeding-the-ducks-1895,https://uploads6.wikiart.org/images/mary-cassatt/feeding-the-ducks-1895.jpg,Feeding the Ducks
Winslow Homer,1873,http://www.wikipaintings.org/en/winslow-homer/gloucester-harbor,https://uploads2.wikiart.org/images/winslow-homer/gloucester-harbor.jpg,Gloucester Harbor
Winslow Homer,1885,http://www.wikipaintings.org/en/winslow-homer/the-coral-divers,https://uploads1.wikiart.org/images/winslow-homer/the-coral-divers.jpg,The coral divers
Winslow Homer,-1,http://www.wikipaintings.org/en/winslow-homer/the-herring-net,https://uploads0.wikiart.org/images/winslow-homer/the-herring-net.jpg,The Herring Net
Winslow Homer,-1,http://www.wikipaintings.org/en/winslow-homer/rainy-day-in-camp-also-known-as-camp-near-yorktown,https://uploads8.wikiart.org/images/winslow-homer/rainy-day-in-camp-also-known-as-camp-near-yorktown.jpg,Rainy Day in Camp (also known as Camp near Yorktown)
Winslow Homer,1865,http://www.wikipaintings.org/en/winslow-homer/the-veteran-in-a-new-field,https://uploads2.wikiart.org/images/winslow-homer/the-veteran-in-a-new-field.jpg,The Veteran in a New Field
Alfred Sisley,1884,http://www.wikipaintings.org/en/alfred-sisley/the-dam-loing-canal-at-saint-mammes-1884,https://uploads7.wikiart.org/images/alfred-sisley/the-dam-loing-canal-at-saint-mammes-1884.jpg,"The Dam, Loing Canal at Saint Mammes"
Umberto Boccioni,1915,http://www.wikipaintings.org/en/umberto-boccioni/the-charge-of-the-lancers-1915,https://uploads0.wikiart.org/images/umberto-boccioni/the-charge-of-the-lancers-1915.jpg,The Charge of the Lancers
Kazimir Malevich,1931,http://www.wikipaintings.org/en/kazimir-malevich/spotrsmeny-1931,https://uploads3.wikiart.org/images/kazimir-malevich/spotrsmeny-1931.jpg,Sportsmeny
Masaccio,1425,http://www.wikipaintings.org/en/masaccio/the-tribute-money-1425,https://uploads2.wikiart.org/images/masaccio/the-tribute-money-1425.jpg,The Tribute Money
Katsushika Hokusai,-1,http://www.wikipaintings.org/en/katsushika-hokusai/ocean-waves,https://uploads1.wikiart.org/images/katsushika-hokusai/ocean-waves.jpg,Ocean waves
Nicolas Poussin,1639,http://www.wikipaintings.org/en/nicolas-poussin/et-in-arcadia-ego-1639-1,https://uploads2.wikiart.org/images/nicolas-poussin/not_detected_189892-1639.jpg,Et in Arcadia ego
Michelangelo,1510,http://www.wikipaintings.org/en/michelangelo/sistine-chapel-ceiling-creation-of-adam-1510,https://uploads1.wikiart.org/images/michelangelo/sistine-chapel-ceiling-creation-of-adam-1510.jpg,Sistine Chapel Ceiling: Creation of Adam
Katsushika Hokusai,-1,http://www.wikipaintings.org/en/katsushika-hokusai/lake-suwa-in-the-shinano-province,https://uploads5.wikiart.org/images/katsushika-hokusai/lake-suwa-in-the-shinano-province.jpg,Lake Suwa in the Shinano province
Raphael,1511,http://www.wikipaintings.org/en/raphael/school-of-athens-detail-from-right-hand-side-showing-diogenes-on-the-steps-and-euclid-1511,https://uploads6.wikiart.org/images/raphael/school-of-athens-detail-from-right-hand-side-showing-diogenes-on-the-steps-and-euclid-1511.jpg,The School of Athens
Sandro Botticelli,1478,http://www.wikipaintings.org/en/sandro-botticelli/primavera-1478,https://uploads6.wikiart.org/images/sandro-botticelli/primavera-1478(1).jpg,Primavera
Alfred Sisley,1874,http://www.wikipaintings.org/en/alfred-sisley/molesey-weir-at-hampton-court-morning-1874,https://uploads0.wikiart.org/images/alfred-sisley/molesey-weir-at-hampton-court-morning-1874.jpg,Molesey Weir at Hampton Court Morning
Rembrandt,1642,http://www.wikipaintings.org/en/rembrandt/the-nightwatch-1642,https://uploads7.wikiart.org/00121/images/rembrandt/2.jpg,The Nightwatch
Giovanni Bellini,1516,http://www.wikipaintings.org/en/giovanni-bellini/the-feast-of-the-gods-1514,https://uploads5.wikiart.org/images/giovanni-bellini/the-feast-of-the-gods-1514.jpg,The Feast of the Gods
Pieter Bruegel the Elder,1565,http://www.wikipaintings.org/en/pieter-bruegel-the-elder/hunters-in-the-snow-1565,https://uploads4.wikiart.org/00129/images/pieter-bruegel-the-elder/hunters-in-the-snow.jpg,Hunters in the Snow
John Atkinson Grimshaw,-1,http://www.wikipaintings.org/en/john-atkinson-grimshaw/shipping-on-the-clyde,https://uploads6.wikiart.org/images/john-atkinson-grimshaw/shipping-on-the-clyde.jpg,Shipping on the Clyde
Camille Pissarro,1903,http://www.wikipaintings.org/en/camille-pissarro/the-port-of-le-havre-1903,https://uploads4.wikiart.org/images/camille-pissarro/the-port-of-le-havre-1903.jpg,The Port of Le Havre
John Atkinson Grimshaw,1877,http://www.wikipaintings.org/en/john-atkinson-grimshaw/stapleton-park-near-pontefract-sun-1877,https://uploads6.wikiart.org/images/john-atkinson-grimshaw/stapleton-park-near-pontefract-sun-1877.jpg,Stapleton Park near Pontefract Sun
Federico Zandomeneghi,1894,http://www.wikipaintings.org/en/federico-zandomeneghi/girl-with-flowers-1894,https://uploads6.wikiart.org/images/federico-zandomeneghi/girl-with-flowers-1894.jpg,Girl with flowers
Constantine Maleas,1923,http://www.wikipaintings.org/en/constantine-maleas/wheel-well,https://uploads0.wikiart.org/images/constantine-maleas/wheel-well.jpg,The Old Well
Constantine Maleas,-1,http://www.wikipaintings.org/en/constantine-maleas/castle-at-monemvasia,https://uploads1.wikiart.org/images/constantine-maleas/castle-at-monemvasia.jpg,Castle at  Monemvasia
Vasily Surikov,1891,http://www.wikipaintings.org/en/vasily-surikov/taking-a-snowy-town-1891,https://uploads1.wikiart.org/images/vasily-surikov/taking-a-snowy-town-1891.jpg,Taking a snowy town
Constantine Maleas,-1,http://www.wikipaintings.org/en/constantine-maleas/turkish-harbour,https://uploads5.wikiart.org/images/constantine-maleas/turkish-harbour.jpg,Turkish Harbour
Vasily Surikov,1881,http://www.wikipaintings.org/en/vasily-surikov/morning-of-the-strelets-execution-1881,https://uploads6.wikiart.org/images/vasily-surikov/morning-of-the-strelets-execution-1881.jpg,Morning of the Strelets’ Execution
Paolo Veronese,1563,http://www.wikipaintings.org/en/paolo-veronese/the-marriage-at-cana-1563,https://uploads2.wikiart.org/images/paolo-veronese/the-marriage-at-cana-1563.jpg,The Marriage at Cana
Ivan Aivazovsky,1854,http://www.wikipaintings.org/en/ivan-aivazovsky/shipwreck-1854,https://uploads1.wikiart.org/images/ivan-aivazovsky/shipwreck-1854.jpg,Shipwreck
Sir Lawrence Alma-Tadema,1904,http://www.wikipaintings.org/en/sir-lawrence-alma-tadema/the-finding-of-moses-1904,https://uploads8.wikiart.org/images/alma-tadema-lawrence/the-finding-of-moses-1904.jpg,The Finding of Moses
Pieter Aertsen,1551,http://www.wikipaintings.org/en/pieter-aertsen/butcher-s-stall-with-the-flight-into-egypt-1551,https://uploads6.wikiart.org/images/pieter-aertsen/butcher-s-stall-with-the-flight-into-egypt-1551.jpg,Butcher's Stall with the Flight into Egypt
Jean-Baptiste-Simeon Chardin,1731,http://www.wikipaintings.org/en/jean-baptiste-simeon-chardin/the-attributes-of-the-sciences-1731,https://uploads8.wikiart.org/images/jean-baptiste-simeon-chardin/the-attributes-of-the-sciences-1731.jpg,The Attributes of the Sciences
Konstantin Bogaevsky,1912,http://www.wikipaintings.org/en/konstantin-bogaevsky/ships-1912,https://uploads2.wikiart.org/images/konstantin-bogaevsky/ships-1912.jpg,Ships
Bernardo Bellotto,1765,http://www.wikipaintings.org/en/bernardo-bellotto/the-ruins-of-the-old-kreuzkirche-dresden-1765,https://uploads7.wikiart.org/images/bernardo-bellotto/the-ruins-of-the-old-kreuzkirche-dresden-1765.jpg,"The Ruins of the old Kreuzkirche, Dresden"
François Barraud,1933,http://www.wikipaintings.org/en/fran-ois-barraud/tailleuses-de-soupe-1933,https://uploads3.wikiart.org/images/fran-ois-barraud/tailleuses-de-soupe-1933.jpg,Tailleuses de soupe
Eugene de Blaas,1904,http://www.wikipaintings.org/en/eugene-de-blaas/the-flirtation-1,https://uploads3.wikiart.org/images/eugene-de-blaas/the-flirtation-1.jpg,The Flirtation
Umberto Boccioni,1911,http://www.wikipaintings.org/en/umberto-boccioni/states-of-mind-i-the-farewells-1911,https://uploads5.wikiart.org/images/umberto-boccioni/states-of-mind-i-the-farewells-1911.jpg,States of Mind I: The Farewells
Jose Ferraz de Almeida Junior,1892,http://www.wikipaintings.org/en/jose-ferraz-de-almeida-junior/reading-1892,https://uploads4.wikiart.org/images/jose-ferraz-de-almeida-junior/reading-1892.jpg,Reading
Albert Dubois-Pillet,1885,http://www.wikipaintings.org/en/albert-dubois-pillet/stilleven-met-vis-1885,https://uploads5.wikiart.org/images/albert-dubois-pillet/stilleven-met-vis-1885.jpg,Stilleven Met Vis
Edgar Degas,1872,http://www.wikipaintings.org/en/edgar-degas/dance-class-at-the-opera-1872,https://uploads3.wikiart.org/images/edgar-degas/dance-class-at-the-opera-1872.jpg,Dance Class at the Opera
Edwin Lord Weeks,1890,http://www.wikipaintings.org/en/edwin-lord-weeks/the-golden-temple-amritsar-1890,https://uploads1.wikiart.org/images/edwin-lord-weeks/the-golden-temple-amritsar-1890.jpg,"The Golden Temple, Amritsar"
Jacques-Louis David,1807,http://www.wikipaintings.org/en/jacques-louis-david/the-consecration-of-the-emperor-napoleon-and-the-coronation-of-the-empress-josephine-by-pope-1807,https://uploads7.wikiart.org/images/jacques-louis-david/the-consecration-of-the-emperor-napoleon-and-the-coronation-of-the-empress-josephine-by-pope-1807.jpg,"The Consecration of the Emperor Napoleon and the Coronation of the Empress Josephine by Pope Pius VII, 2nd December 1804"
Henri Fantin-Latour,1870,http://www.wikipaintings.org/en/henri-fantin-latour/a-studio-in-the-batignolles-homage-to-manet-1870,https://uploads3.wikiart.org/images/henri-fantin-latour/a-studio-in-the-batignolles-homage-to-manet-1870.jpg,A Studio in the Batignolles (Homage to Manet)
Giovanni Fattori,1880,http://www.wikipaintings.org/en/giovanni-fattori/berittener-hirte-und-k-he-1880,https://uploads0.wikiart.org/images/giovanni-fattori/berittener-hirte-und-k-he-1880.jpg,Berittener Hirte und Kühe
Pavel Fedotov,1851,http://www.wikipaintings.org/en/pavel-fedotov/the-major-s-marriage-proposal-1851,https://uploads1.wikiart.org/images/pavel-fedotov/the-major-s-marriage-proposal-1851.jpg,The Major's Marriage Proposal
Karoly Ferenczy,1890,http://www.wikipaintings.org/en/karoly-ferenczy/boys-throwing-pebbles-into-the-river-1890,https://uploads0.wikiart.org/images/karoly-ferenczy/boys-throwing-pebbles-into-the-river-1890.jpg,Boys Throwing Pebbles into the River
Paul Gauguin,1888,http://www.wikipaintings.org/en/paul-gauguin/the-vision-after-the-sermon-jacob-wrestling-with-the-angel-1888,https://uploads2.wikiart.org/images/paul-gauguin/the-vision-after-the-sermon-jacob-wrestling-with-the-angel-1888.jpg,The Vision after the Sermon (Jacob wrestling with the Angel)
Jean-Leon Gerome,1863,http://www.wikipaintings.org/en/jean-leon-gerome/general-bonaparte-with-his-military-staff-in-egypt-1863,https://uploads7.wikiart.org/images/jean-leon-gerome/general-bonaparte-with-his-military-staff-in-egypt-1863.jpg,General Bonaparte with his Military Staff in Egypt
Jean-Leon Gerome,1860,http://www.wikipaintings.org/en/jean-leon-gerome/diogenes-1860,https://uploads1.wikiart.org/images/jean-leon-gerome/diogenes-1860.jpg,Diogenes
Eva Gonzales,1876,http://www.wikipaintings.org/en/eva-gonzales/woman-awakening-1876,https://uploads4.wikiart.org/images/eva-gonzales/woman-awakening-1876.jpg,Woman Awakening
Nikolai Ge,1871,http://www.wikipaintings.org/en/nikolai-ge/peter-the-great-interrogating-the-tsarevich-alexei-petrovich-at-peterhof,https://uploads0.wikiart.org/images/nikolai-ge/peter-the-great-interrogating-the-tsarevich-alexei-petrovich-at-peterhof.jpg,Peter the Great Interrogating the Tsarevich Alexei Petrovich at Peterhof
Francisco Goya,1814,http://www.wikipaintings.org/en/francisco-goya/the-third-of-may-1808-execution-of-the-defenders-of-madrid-1814-1,https://uploads4.wikiart.org/images/francisco-goya/execution-of-the-defenders-of-madrid-3rd-may-1808-1814.jpg,The Third of May 1808 (Execution of the Defenders of Madrid)
John Atkinson Grimshaw,-1,http://www.wikipaintings.org/en/john-atkinson-grimshaw/a-mossy-glen,https://uploads6.wikiart.org/images/john-atkinson-grimshaw/a-mossy-glen.jpg,A Mossy Glen
Armand Guillaumin,1910,http://www.wikipaintings.org/en/armand-guillaumin/agay-bay-1910,https://uploads2.wikiart.org/images/armand-guillaumin/agay-bay-1910.jpg,Agay Bay
Martin Johnson Heade,1871,http://www.wikipaintings.org/en/martin-johnson-heade/cattleya-orchid-and-three-hummingbirds-1871,https://uploads8.wikiart.org/images/martin-johnson-heade/cattleya-orchid-and-three-hummingbirds-1871.jpg,Cattleya Orchid and Three Hummingbirds
Winslow Homer,-1,http://www.wikipaintings.org/en/winslow-homer/camp-fire,https://uploads3.wikiart.org/images/winslow-homer/camp-fire.jpg,Camp Fire
Martin Johnson Heade,1869,http://www.wikipaintings.org/en/martin-johnson-heade/sailing-off-the-coast-1869,https://uploads0.wikiart.org/images/martin-johnson-heade/sailing-off-the-coast-1869.jpg,Sailing off the Coast
George Inness,1875,http://www.wikipaintings.org/en/george-inness/sunset-at-etretat-1875,https://uploads7.wikiart.org/images/george-inness/sunset-at-etretat-1875.jpg,Sunset at Etretat
Paul Klee,1914,http://www.wikiart.org/en/paul-klee/in-the-style-of-kairouan-1914,https://uploads1.wikiart.org/images/paul-klee/in-the-style-of-kairouan-1914.jpg,In the Style of Kairouan
Pieter Bruegel the Elder,1564,http://www.wikiart.org/en/pieter-bruegel-the-elder/christ-carrying-the-cross-1564,https://uploads8.wikiart.org/images/pieter-bruegel-the-elder/christ-carrying-the-cross-1564.jpg,Christ carrying the Cross
Konstantin Korovin,1910,http://www.wikiart.org/en/konstantin-korovin/red-square-in-moscow-1910,https://uploads6.wikiart.org/images/konstantin-korovin/red-square-in-moscow-1910.jpg,Red Square in Moscow
Konstantin Korovin,1928,http://www.wikiart.org/en/konstantin-korovin/bastille-1928,https://uploads3.wikiart.org/images/konstantin-korovin/bastille-1928.jpg,Bastille
Konstantin Korovin,1911,http://www.wikiart.org/en/konstantin-korovin/portrait-of-chaliapin-1911,https://uploads7.wikiart.org/images/konstantin-korovin/portrait-of-chaliapin-1911.jpg,Portrait of Chaliapin
Ivan Kramskoy,1872,http://www.wikiart.org/en/ivan-kramskoy/christ-in-the-wilderness-1872,https://uploads5.wikiart.org/images/ivan-kramskoy/christ-in-the-wilderness-1872.jpg,Christ in the Wilderness
Max Kurzweil,1900,http://www.wikiart.org/en/max-kurzweil/the-fisherman,https://uploads6.wikiart.org/images/max-kurzweil/the-fisherman.jpg,The fisherman
Boris Kustodiev,1916,http://www.wikiart.org/en/boris-kustodiev/arriving-for-shrovetide-1916,https://uploads6.wikiart.org/images/boris-kustodiev/arriving-for-shrovetide-1916.jpg,Arriving for Shrovetide
Boris Kustodiev,1920,http://www.wikiart.org/en/boris-kustodiev/the-bolshevik-1920,https://uploads5.wikiart.org/images/boris-kustodiev/the-bolshevik-1920.jpg,The Bolshevik
John Frederick Kensett,1872,http://www.wikiart.org/en/john-frederick-kensett/near-newport-rhode-island-1872,https://uploads6.wikiart.org/images/john-frederick-kensett/near-newport-rhode-island-1872.jpg,"Near Newport, Rhode Island"
John Frederick Kensett,1859,http://www.wikiart.org/en/john-frederick-kensett/view-of-the-shrewsbury-river-new-jersey-1859,https://uploads2.wikiart.org/images/john-frederick-kensett/view-of-the-shrewsbury-river-new-jersey-1859.jpg,"View of the Shrewsbury River, New Jersey"
Peder Severin Kroyer,1883,http://www.wikiart.org/en/peder-severin-kroyer/fishermen-hauling-the-net-on-skagen-s-north-beach-1883,https://uploads1.wikiart.org/images/peder-severin-kroyer/fishermen-hauling-the-net-on-skagen-s-north-beach-1883.jpg,Fishermen Hauling the Net on Skagen's North Beach
Christen Kobke,1843,http://www.wikiart.org/en/christen-kobke/bay-of-naples-1843,https://uploads4.wikiart.org/images/christen-kobke/bay-of-naples-1843.jpg,Bay of Naples
Christen Kobke,1838,http://www.wikiart.org/en/christen-kobke/a-view-from-dosseringen-near-the-sortedam-lake-looking-towards-the-suburb-n-rrebro-outside-1838,https://uploads0.wikiart.org/images/christen-kobke/a-view-from-dosseringen-near-the-sortedam-lake-looking-towards-the-suburb-n-rrebro-outside-1838.jpg,A View from Dosseringen near the Sortedam Lake Looking towards the Suburb Nørrebro outside Copenhagen
Vincent van Gogh,1889,http://www.wikiart.org/en/vincent-van-gogh/irises-1889,https://uploads8.wikiart.org/images/vincent-van-gogh/irises-1889.jpg,Irises
Claude Monet,1858,http://www.wikiart.org/en/claude-monet/view-at-rouelles-le-havre,https://uploads0.wikiart.org/images/claude-monet/view-at-rouelles-le-havre.jpg,View At Rouelles Le Havre
Henry Herbert La Thangue,1903,http://www.wikiart.org/en/henry-herbert-la-thangue/a-proven-al-stream-1903,https://uploads1.wikiart.org/images/henry-herbert-la-thangue/a-proven-al-stream-1903.jpg,A Provençal Stream
Marcus Larson,1862,http://www.wikiart.org/en/marcus-larson/fishing-near-the-fjord-by-moonlight-1862,https://uploads7.wikiart.org/images/marcus-larson/fishing-near-the-fjord-by-moonlight-1862.jpg,Fishing Near The Fjord By Moonlight
John Lavery,1929,http://www.wikiart.org/en/john-lavery/the-chess-players-1929,https://uploads5.wikiart.org/images/john-lavery/the-chess-players-1929.jpg,The Chess Players
Lev Lagorio,1891,http://www.wikiart.org/en/lev-lagorio/defense-of-bayazet-do-ubeyaz-t-1891,https://uploads0.wikiart.org/images/lev-lagorio/defense-of-bayazet-do-ubeyaz-t-1891.jpg,Defense of Bayazet (Doğubeyazıt)
Carl Larsson,1910,http://www.wikiart.org/en/carl-larsson/my-acid-workshop-where-i-do-my-etching-1910,https://uploads3.wikiart.org/images/carl-larsson/my-acid-workshop-where-i-do-my-etching-1910(1).jpg,My Acid Workshop (Where I do my Etching)
Isaac Levitan,1900,http://www.wikiart.org/en/isaac-levitan/lake-rus,https://uploads2.wikiart.org/images/isaac-levitan/lake-rus.jpg,Lake. Rus.
Isaac Levitan,1895,http://www.wikiart.org/en/isaac-levitan/march-1895,https://uploads4.wikiart.org/images/isaac-levitan/march-1895.jpg,March
Adolph Menzel,1875,http://www.wikiart.org/en/adolph-menzel/the-iron-rolling-mill-modern-cyclopes-1875,https://uploads3.wikiart.org/images/adolph-menzel/the-iron-rolling-mill-modern-cyclopes-1875(1).jpg,The Iron Rolling Mill (Modern Cyclopes)
Willard Metcalf,1910,http://www.wikiart.org/en/willard-metcalf/flying-shadows-1910,https://uploads6.wikiart.org/images/willard-metcalf/flying-shadows-1910.jpg,Flying Shadows
Arturo Michelena,1896,http://www.wikiart.org/en/arturo-michelena/miranda-en-la-carraca-1896,https://uploads5.wikiart.org/images/arturo-michelena/miranda-en-la-carraca-1896.jpg,Miranda en La Carraca
Thomas Moran,1874,http://www.wikiart.org/en/thomas-moran/the-chasm-of-the-colorado-1874,https://uploads5.wikiart.org/images/thomas-moran/the-chasm-of-the-colorado-1874.jpg,The Chasm of the Colorado
Mikhail Nesterov,1888,http://www.wikiart.org/en/mikhail-nesterov/for-the-love-potion-1888,https://uploads3.wikiart.org/images/mikhail-nesterov/for-the-love-potion-1888.jpg,For the love potion
Isaac van Ostade,1645,http://www.wikiart.org/en/isaac-van-ostade/a-canal-in-winter,https://uploads5.wikiart.org/images/isaac-van-ostade/a-canal-in-winter.jpg,A Canal in Winter
Jean-Baptiste Oudry,1749,http://www.wikiart.org/en/jean-baptiste-oudry/clara-the-rhinoceros-1749,https://uploads7.wikiart.org/images/jean-baptiste-oudry/clara-the-rhinoceros-1749.jpg,Clara the Rhinoceros
Marianne North,1875,http://www.wikiart.org/en/marianne-north/a-fallen-giant-calaveras-grove-california-1875,https://uploads5.wikiart.org/images/marianne-north/a-fallen-giant-calaveras-grove-california-1875.jpg,"A Fallen Giant, Calaveras Grove, California"
Francisco Oller,1840,http://www.wikiart.org/en/francisco-oller/la-hacienda-buenavista-en-ponce-puerto-rico-1840,https://uploads8.wikiart.org/images/francisco-oller/la-hacienda-buenavista-en-ponce-puerto-rico-1840.jpg,"La Hacienda Buenavista en Ponce, Puerto Rico"
Robert Julian Onderdonk,1920,http://www.wikiart.org/en/robert-julian-onderdonk/bluebonnets-at-twilight-near-san-antonio-1920,https://uploads4.wikiart.org/images/robert-julian-onderdonk/bluebonnets-at-twilight-near-san-antonio-1920.jpg,"Bluebonnets at Twilight, near San Antonio"
Robert Julian Onderdonk,-1,http://www.wikiart.org/en/robert-julian-onderdonk/in-the-hills-of-the-spanish-oaks,https://uploads0.wikiart.org/images/robert-julian-onderdonk/in-the-hills-of-the-spanish-oaks.jpg,In the Hills of the Spanish Oaks
Kuzma Petrov-Vodkin,1928,http://www.wikiart.org/en/kuzma-petrov-vodkin/death-of-commissar-1928,https://uploads5.wikiart.org/images/kuzma-petrov-vodkin/death-of-commissar-1928.jpg,Death of Commissar
Theodor Philipsen,1901,http://www.wikiart.org/en/theodor-philipsen/malkeplads-ved-dyrehaveg-rd-1901,https://uploads3.wikiart.org/images/theodor-philipsen/malkeplads-ved-dyrehaveg-rd-1901.jpg,Malkeplads ved Dyrehavegård
Albert Pinkham Ryder,1895,http://www.wikiart.org/en/albert-pinkham-ryder/jonah-1895,https://uploads2.wikiart.org/images/albert-pinkham-ryder/jonah-1895.jpg,Jonah
Vasily Polenov,1886,http://www.wikiart.org/en/vasily-polenov/the-ill-woman,https://uploads8.wikiart.org/images/vasily-polenov/the-ill-woman.jpg,The ill woman
Claude Monet,1864,http://www.wikiart.org/en/claude-monet/hauling-a-boat-ashore-honfleur,https://uploads5.wikiart.org/images/claude-monet/hauling-a-boat-ashore-honfleur.jpg,"Hauling a Boat Ashore, Honfleur"
Leonardo da Vinci,1506,http://www.wikiart.org/en/leonardo-da-vinci/study-for-the-head-of-leda,https://uploads6.wikiart.org/images/leonardo-da-vinci/study-for-the-head-of-leda.jpg,Study for the Head of Leda
Eugene Delacroix,1830,http://www.wikiart.org/en/eugene-delacroix/the-liberty-leading-the-people-1830,https://uploads5.wikiart.org/images/eugene-delacroix/the-liberty-leading-the-people-1830.jpg,The Liberty Leading the People
Claude Monet,1871,http://www.wikiart.org/en/claude-monet/the-train-in-the-country,https://uploads8.wikiart.org/images/claude-monet/the-train-in-the-country.jpg,The Train in the Country
Ilya Repin,1883,http://www.wikiart.org/en/ilya-repin/krestny-khod-religious-procession-in-kursk-gubernia-1883,https://uploads2.wikiart.org/images/ilya-repin/krestny-khod-religious-procession-in-kursk-gubernia-1883.jpg,Krestny Khod (Religious Procession) in Kursk Gubernia
Pierre-Auguste Renoir,1881,http://www.wikiart.org/en/pierre-auguste-renoir/the-luncheon-of-the-boating-party-1881-1,https://uploads6.wikiart.org/images/pierre-auguste-renoir/the-luncheon-of-the-boating-party-1881-1.jpg,The Luncheon of the Boating Party
Jozsef Rippl-Ronai,1906,http://www.wikiart.org/en/jozsef-rippl-ronai/uncle-piacsek-in-front-of-the-black-sideboard-1906,https://uploads4.wikiart.org/images/j-zsef-rippl-r-nai/uncle-piacsek-in-front-of-the-black-sideboard-1906.jpg,Uncle Piacsek in front of the Black Sideboard
Jozsef Rippl-Ronai,1907,http://www.wikiart.org/en/jozsef-rippl-ronai/manor-house-at-k-rtv-lyes-1907,https://uploads2.wikiart.org/images/j-zsef-rippl-r-nai/manor-house-at-k-rtv-lyes-1907.jpg,Manor-House at Körtvélyes
Briton Riviere,1868,http://www.wikiart.org/en/briton-riviere/the-long-sleep-1868,https://uploads5.wikiart.org/images/briton-riviere/the-long-sleep-1868.jpg,The Long Sleep
Briton Riviere,1881,http://www.wikiart.org/en/briton-riviere/tick-tack-1881,https://uploads0.wikiart.org/images/briton-riviere/tick-tack-1881.jpg,Tick-Tack
Tom Roberts,1886,http://www.wikiart.org/en/tom-roberts/boat-on-beach-queenscliff-1886,https://uploads4.wikiart.org/images/tom-roberts/boat-on-beach-queenscliff-1886.jpg,"Boat on Beach, Queenscliff "
Santiago Rusinol,1903,http://www.wikiart.org/en/santiago-rusinol/jard-n-de-las-eleg-as-son-moragues-1903,https://uploads0.wikiart.org/images/santiago-rusinol/jard-n-de-las-eleg-as-son-moragues-1903.jpg,"Jardín de las Elegías, Son Moragues"
Santiago Rusinol,1894,http://www.wikiart.org/en/santiago-rusinol/a-romance-1894,https://uploads2.wikiart.org/images/santiago-rusinol/a-romance-1894.jpg,A Romance
Theo van Rysselberghe,1892,http://www.wikiart.org/en/theo-van-rysselberghe/sailboats-on-the-river-scheldt-1892,https://uploads1.wikiart.org/images/theo-van-rysselberghe/sailboats-on-the-river-scheldt-1892.jpg,Sailboats on the River Scheldt
Theo van Rysselberghe,1896,http://www.wikiart.org/en/theo-van-rysselberghe/port-entrance-at-volendam-1896,https://uploads5.wikiart.org/images/theo-van-rysselberghe/port-entrance-at-volendam-1896.jpg,Port Entrance at Volendam
Katsushika Hokusai,1831,http://www.wikiart.org/en/katsushika-hokusai/fuji-mountains-in-clear-weather-1831,https://uploads8.wikiart.org/images/katsushika-hokusai/fuji-mountains-in-clear-weather-1831.jpg,"Fuji, Mountains in clear Weather  (Red Fuji)"
William-Adolphe Bouguereau,1900,http://www.wikiart.org/en/william-adolphe-bouguereau/a-childhood-idyll-1900,https://uploads2.wikiart.org/images/william-adolphe-bouguereau/a-childhood-idyll-1900.jpg,A Childhood Idyll
Vincent van Gogh,1888,http://www.wikiart.org/en/vincent-van-gogh/still-life-with-blue-enamel-coffeepot-earthenware-and-fruit-1888,https://uploads7.wikiart.org/images/vincent-van-gogh/still-life-with-blue-enamel-coffeepot-earthenware-and-fruit-1888.jpg,"Still Life with Blue Enamel Coffeepot, Earthenware and Fruit"
Edouard Manet,1882,http://www.wikiart.org/en/edouard-manet/a-bar-at-the-folies-bergere-1882-1,https://uploads1.wikiart.org/images/edouard-manet/a-bar-at-the-folies-bergere-1882-1.jpg,A Bar at the Folies-Bergere
Hieronymus Bosch,1480,http://www.wikiart.org/en/hieronymus-bosch/the-concert-in-the-egg-1480,https://uploads6.wikiart.org/images/hieronymus-bosch/the-concert-in-the-egg-1480.jpg,The Concert in the Egg
Eugene Delacroix,1841,http://www.wikiart.org/en/eugene-delacroix/a-jewish-wedding-in-morocco-1841,https://uploads5.wikiart.org/images/eugene-delacroix/a-jewish-wedding-in-morocco-1841(1).jpg,A Jewish wedding in Morocco
Camille Pissarro,1872,http://www.wikiart.org/en/camille-pissarro/orchards-at-louveciennes-1872,https://uploads8.wikiart.org/images/camille-pissarro/orchards-at-louveciennes-1872.jpg,Orchards at Louveciennes
Pierre-Auguste Renoir,1875,http://www.wikiart.org/en/pierre-auguste-renoir/orchard-at-louveciennes-the-english-pear-tree-1875,https://uploads7.wikiart.org/images/pierre-auguste-renoir/orchard-at-louveciennes-the-english-pear-tree-1875.jpg,Orchard at Louveciennes the English Pear Tree
Hercules Seghers,1633,http://www.wikiart.org/en/hercules-seghers/landscape,https://uploads6.wikiart.org/images/hercules-seghers/landscape.jpg,Landscape
Paul Serusier,1892,http://www.wikiart.org/en/paul-serusier/breton-women-the-meeting-in-the-sacred-grove,https://uploads2.wikiart.org/images/paul-serusier/breton-women-the-meeting-in-the-sacred-grove.jpg,"Breton Women, the Meeting in the Sacred Grove"
Ivan Shishkin,1887,http://www.wikiart.org/en/ivan-shishkin/oak-grove-1887,https://uploads8.wikiart.org/images/ivan-shishkin/oak-grove-1887.jpg,Oak Grove
Hugo Simberg,1896,http://www.wikiart.org/en/hugo-simberg/the-garden-of-the-dead-1896,https://uploads2.wikiart.org/images/hugo-simberg/the-garden-of-the-dead-1896.jpg,The Garden of the Dead
Amadeo de Souza-Cardoso,1911,http://www.wikiart.org/en/amadeo-de-souza-cardoso/the-leap-of-the-rabbit-1911,https://uploads7.wikiart.org/images/amadeo-de-souza-cardoso/the-leap-of-the-rabbit-1911(1).jpg,The leap of the rabbit
Constantin Stahi,1912,http://www.wikiart.org/en/constantin-stahi/still-life-with-watermelons-1912,https://uploads2.wikiart.org/images/constantin-stahi/still-life-with-watermelons-1912.jpg,Still Life With Watermelons
Robert Spencer,1924,http://www.wikiart.org/en/robert-spencer/harlem-river-1924,https://uploads3.wikiart.org/images/robert-spencer/harlem-river-1924.jpg,Harlem River
Carl Spitzweg,1837,http://www.wikiart.org/en/carl-spitzweg/the-poor-poet-1837,https://uploads3.wikiart.org/images/carl-spitzweg/the-poor-poet-1837.jpg,The Poor Poet
Vincent van Gogh,1885,http://www.wikiart.org/en/vincent-van-gogh/the-potato-eaters-1885-1,https://uploads3.wikiart.org/images/vincent-van-gogh/the-potato-eaters-1885-1.jpg,The Potato Eaters
Robert Spencer,1916,http://www.wikiart.org/en/robert-spencer/on-the-canal-new-hope-1916,https://uploads3.wikiart.org/images/robert-spencer/on-the-canal-new-hope-1916.jpg,"On the Canal, New Hope "
Francisco Oller,1870,http://www.wikiart.org/en/francisco-oller/bodeg-n-de-guineos-jarra-y-pajuiles-1870,https://uploads0.wikiart.org/images/francisco-oller/bodeg-n-de-guineos-jarra-y-pajuiles-1870.jpg,"Bodegón de guineos, jarra y pajuiles "
James Tissot,1894,http://www.wikiart.org/en/james-tissot/behold-he-standeth-behind-our-wall-1894,https://uploads5.wikiart.org/images/james-tissot/behold-he-standeth-behind-our-wall-1894.jpg,Behold He Standeth behind Our Wall
James Tissot,1882,http://www.wikiart.org/en/james-tissot/the-garden-bench,https://uploads0.wikiart.org/images/james-tissot/the-garden-bench.jpg,The Garden Bench
Paul Cezanne,1890,http://www.wikiart.org/en/paul-cezanne/still-life-with-apples-1,https://uploads8.wikiart.org/images/paul-cezanne/still-life-with-apples-1.jpg,Still life with Apples
Georges Seurat,1884,http://www.wikiart.org/en/georges-seurat/cadet-from-saint-cyr-1884,https://uploads2.wikiart.org/images/georges-seurat/cadet-from-saint-cyr-1884.jpg,Cadet From Saint-Cyr
Konstantinos Volanakis,-1,http://www.wikiart.org/en/konstantinos-volanakis/the-burning-of-a-turkish-frigate,https://uploads2.wikiart.org/images/konstantinos-volanakis/the-burning-of-a-turkish-frigate(3).jpg,The burning of a Turkish frigate
William Turner,1796,http://www.wikiart.org/en/william-turner/fishermen-at-sea,https://uploads2.wikiart.org/images/william-turner/fishermen-at-sea.jpg,Fishermen at Sea
Edouard Manet,1862,http://www.wikiart.org/en/edouard-manet/music-in-the-tuileries-garden-1862-1,https://uploads2.wikiart.org/images/edouard-manet/music-in-the-tuileries-gardens-1862.jpg,Music in the Tuileries Garden
Claude Monet,1908,http://www.wikiart.org/en/claude-monet/the-grand-canal,https://uploads8.wikiart.org/images/claude-monet/the-grand-canal.jpg,The Grand Canal
Claude Monet,1908,http://www.wikiart.org/en/claude-monet/the-grand-canal-03,https://uploads2.wikiart.org/images/claude-monet/the-grand-canal-03.jpg,The Grand Canal 03
Claude Monet,1899,http://www.wikiart.org/en/claude-monet/the-japanese-bridge-the-water-lily-pond-1899,https://uploads1.wikiart.org/images/claude-monet/the-japanese-bridge-the-water-lily-pond-1899.jpg,The Japanese Bridge (The Water-Lily Pond)
Claude Monet,1881,http://www.wikiart.org/en/claude-monet/the-seine-at-vetheuil-2-1,https://uploads0.wikiart.org/images/claude-monet/the-seine-at-vetheuil-2-1.jpg,The Seine at Vetheuil
Claude Monet,1895,http://www.wikiart.org/en/claude-monet/mount-kolsaas-2,https://uploads8.wikiart.org/images/claude-monet/mount-kolsaas-2.jpg,Mount Kolsaas 2
James Tissot,1876,http://www.wikiart.org/en/james-tissot/holyday-1876,https://uploads5.wikiart.org/images/james-tissot/holyday-1876.jpg,Holyday
Auguste Toulmouche,1877,http://www.wikiart.org/en/auguste-toulmouche/sweet-doing-nothing-1877,https://uploads5.wikiart.org/images/auguste-toulmouche/sweet-doing-nothing-1877.jpg,Sweet Doing Nothing
William Turner,1842,http://www.wikiart.org/en/william-turner/storm-seam-boat-off-a-harbour-s-mouth-making-signals-in-shallow-water-and-going-by-the-lead,https://uploads5.wikiart.org/images/william-turner/storm-seam-boat-off-a-harbour-s-mouth-making-signals-in-shallow-water-and-going-by-the-lead.jpg,"Storm Seam Boat off a Harbour's Mouth Making Signals in Shallow Water, and Going by the Lead"
Franz Richard Unterberger,-1,http://www.wikiart.org/en/franz-richard-unterberger/riva-degli-schiavoni-venice,https://uploads6.wikiart.org/images/franz-richard-unterberger/riva-degli-schiavoni-venice.jpg,"Riva degli Schiavoni, Venice"
Georges Valmier,1920,http://www.wikiart.org/en/georges-valmier/the-piano-1920,https://uploads1.wikiart.org/images/georges-valmier/the-piano-1920.jpg,The Piano
Abraham van Strij,-1,http://www.wikiart.org/en/abraham-van-strij/winter-landscape,https://uploads5.wikiart.org/images/abraham-van-strij/winter-landscape.jpg,Winter landscape
Viktor Vasnetsov,1878,http://www.wikiart.org/en/viktor-vasnetsov/a-knight-at-the-crossroads-1878,https://uploads1.wikiart.org/images/viktor-vasnetsov/a-knight-at-the-crossroads-1878.jpg,A Knight At the Crossroads
Fyodor Vasilyev,1869,http://www.wikiart.org/en/fyodor-vasilyev/on-the-island-valaam,https://uploads7.wikiart.org/images/fyodor-vasilyev/on-the-island-valaam.jpg,On the Island Valaam
Fyodor Vasilyev,1870,http://www.wikiart.org/en/fyodor-vasilyev/volga-lagoon,https://uploads8.wikiart.org/images/fyodor-vasilyev/volga-lagoon.jpg,Volga Lagoon
Claude Monet,1866,http://www.wikiart.org/en/claude-monet/adolphe-monet-reading-in-the-garden,https://uploads4.wikiart.org/images/claude-monet/adolphe-monet-reading-in-the-garden(1).jpg,Adolphe Monet Reading in the Garden
Henri Rousseau,1910,http://www.wikiart.org/en/henri-rousseau/negro-attacked-by-a-jaguar-1910,https://uploads8.wikiart.org/images/henri-rousseau/negro-attacked-by-a-jaguar-1910.jpg,Negro Attacked by a Jaguar
Paul Cezanne,1894,http://www.wikiart.org/en/paul-cezanne/woods-with-millstone-1894,https://uploads0.wikiart.org/images/paul-cezanne/woods-with-millstone-1894.jpg,Woods with Millstone
Rembrandt,1635,http://www.wikiart.org/en/rembrandt/belshazzar-s-feast-1635,https://uploads4.wikiart.org/images/rembrandt/belshazzar-s-feast-1635.jpg,Belshazzar's Feast
Claude Monet,1888,http://www.wikiart.org/en/claude-monet/antibes-in-the-morning,https://uploads0.wikiart.org/images/claude-monet/antibes-in-the-morning(1).jpg,Antibes in the Morning
Jean-Leon Gerome,1865,http://www.wikiart.org/en/jean-leon-gerome/prayer-in-cairo-1865,https://uploads8.wikiart.org/images/jean-leon-gerome/prayer-in-cairo-1865.jpg,Prayer in Cairo
Ferdinand Georg Waldmüller,1857,http://www.wikiart.org/en/ferdinand-georg-waldm-ller/corpus-christi-morning-1857,https://uploads1.wikiart.org/images/ferdinand-georg-waldm-ller/corpus-christi-morning-1857(8).jpg,Corpus Christi Morning
Ferdinand Georg Waldmüller,1859,http://www.wikiart.org/en/ferdinand-georg-waldm-ller/the-pilgrims-resting,https://uploads0.wikiart.org/images/ferdinand-georg-waldm-ller/the-pilgrims-resting.jpg,The pilgrims resting
Julian Alden Weir,1910,http://www.wikiart.org/en/julian-alden-weir/the-bridge-nocturne-aka-nocturne-queensboro-bridge-1910,https://uploads8.wikiart.org/images/julian-alden-weir/the-bridge-nocturne-aka-nocturne-queensboro-bridge-1910.jpg,The Bridge Nocturne aka Nocturne Queensboro Bridge
Antoine Watteau,1720,http://www.wikiart.org/en/antoine-watteau/l-enseigne-de-gersaint-1720,https://uploads5.wikiart.org/images/antoine-watteau/l-enseigne-de-gersaint-1720.jpg,L'Enseigne de Gersaint
Johan Hendrik Weissenbruch,-1,http://www.wikiart.org/en/johan-hendrik-weissenbruch/ships-in-harbour,https://uploads5.wikiart.org/images/johan-hendrik-weissenbruch/ships-in-harbour.jpg,Ships in harbour
John James Audubon,-1,http://www.wikiart.org/en/john-james-audubon/plate-6-wild-turkey,https://uploads0.wikiart.org/images/john-james-audubon/plate-6-wild-turkey.jpg,Plate 6. Wild Turkey
David Wilkie,1818,http://www.wikiart.org/en/david-wilkie/the-penny-wedding,https://uploads4.wikiart.org/images/david-wilkie/the-penny-wedding(1).jpg,The Penny Wedding
Christopher Wood,1929,http://www.wikiart.org/en/christopher-wood/a-fishing-boat-in-dieppe-harbour-1929,https://uploads7.wikiart.org/images/christopher-wood/a-fishing-boat-in-dieppe-harbour-1929.jpg,A Fishing Boat in Dieppe Harbour
Grant Wood,1940,http://www.wikiart.org/en/grant-wood/january-1940,https://uploads3.wikiart.org/images/grant-wood/january-1940.jpg,January
Grant Wood,1930,http://www.wikiart.org/en/grant-wood/sketch-for-house-in-american-gothic-1930,https://uploads7.wikiart.org/images/grant-wood/sketch-for-house-in-american-gothic-1930(1).jpg,Sketch for house in American Gothic
Grant Wood,1931,http://www.wikiart.org/en/grant-wood/young-corn-1931,https://uploads6.wikiart.org/images/grant-wood/young-corn-1931.jpg,Young Corn
Joseph Wright,-1,http://www.wikiart.org/en/joseph-wright/vesuvius-from-posillipo,https://uploads8.wikiart.org/images/joseph-wright/vesuvius-from-posillipo.jpg,Vesuvius from Posillipo
Mykola Yaroshenko,1879,http://www.wikiart.org/en/mykola-yaroshenko/blind-1879,https://uploads8.wikiart.org/images/mykola-yaroshenko/blind-1879.jpg,Blind
Jean-Francois Millet,1859,http://www.wikiart.org/en/jean-francois-millet/the-angelus-1859,https://uploads8.wikiart.org/images/jean-francois-millet/the-angelus-1859.jpg,The Angelus
Henri Rousseau,1891,http://www.wikiart.org/en/henri-rousseau/tiger-in-a-tropical-storm-surprised-1891,https://uploads8.wikiart.org/images/henri-rousseau/tiger-in-a-tropical-storm-surprised-1891.jpg,Tiger in a Tropical Storm (Surprised!)
Claude Monet,1864,http://www.wikiart.org/en/claude-monet/by-the-sea,https://uploads3.wikiart.org/images/claude-monet/by-the-sea.jpg,By the Sea
Claude Monet,1882,http://www.wikiart.org/en/claude-monet/the-manneport,https://uploads6.wikiart.org/images/claude-monet/the-manneport.jpg,The Manneport
William Turner,1839,http://www.wikiart.org/en/william-turner/the-fighting-temeraire-tugged-to-her-last-berth-to-be-broken-up,https://uploads4.wikiart.org/images/william-turner/the-fighting-temeraire-tugged-to-her-last-berth-to-be-broken-up.jpg,"The ""Fighting Temeraire"" Tugged to her Last Berth to be Broken up"
Pieter Bruegel the Elder,1562,http://www.wikiart.org/en/pieter-bruegel-the-elder/the-triumph-of-death-1562-1,https://uploads7.wikiart.org/images/pieter-bruegel-the-elder/the-triumph-of-death.jpg,The Triumph of Death
Paul Gauguin,1886,http://www.wikiart.org/en/paul-gauguin/red-hat-1886,https://uploads5.wikiart.org/images/paul-gauguin/red-hat-1886.jpg,Red hat
Paul Gauguin,1896,http://www.wikiart.org/en/paul-gauguin/still-life-with-teapot-and-fruits-1896,https://uploads4.wikiart.org/images/paul-gauguin/still-life-with-teapot-and-fruits-1896.jpg,Still life with teapot and fruits
George Luks,1915,http://www.wikiart.org/en/george-luks/bleeker-and-carmine-streets,https://uploads1.wikiart.org/images/george-luks/bleeker-and-carmine-streets.jpg,Bleeker and Carmine Streets
 Wassily Kandinsky,1920,http://www.wikiart.org/en/wassily-kandinsky/red-oval-1920,https://uploads2.wikiart.org/images/wassily-kandinsky/red-oval-1920.jpg,Red Oval
Gustave Courbet,1854,http://www.wikiart.org/en/gustave-courbet/the-meeting-bonjour-monsieur-courbet-1854,https://uploads1.wikiart.org/images/gustave-courbet/the-meeting-bonjour-monsieur-courbet-1854.jpg,The Meeting (Bonjour Monsieur Courbet)
William Holman Hunt,-1,http://www.wikiart.org/de/william-holman-hunt/fishingboats-by-moonlight,https://uploads7.wikiart.org/images/william-holman-hunt/fishingboats-by-moonlight.jpg,Fishingboats by Moonlight
Jan Toorop,1891,http://www.wikiart.org/de/jan-toorop/the-vagabonds-1891,https://uploads0.wikiart.org/images/jan-toorop/the-vagabonds-1891.jpg,The Vagabonds
Pieter de Hooch,1659,http://www.wikiart.org/en/pieter-de-hooch/the-bedroom,https://uploads7.wikiart.org/images/pieter-de-hooch/the-bedroom.jpg,The Bedroom
Ivan Milev,1926,http://www.wikiart.org/de/ivan-milev/king-marko-1926-1,https://uploads8.wikiart.org/images/ivan-milev/king-marko-1926-1.jpg,King Marko
Georges Lacombe ,-1,http://www.wikiart.org/de/georges-lacombe/blue-seascape-wave-effect,https://uploads3.wikiart.org/images/georges-lacombe/blue-seascape-wave-effect.jpg,"Blue Seascape, Wave Effect"
Jan Toorop,1892,http://www.wikiart.org/de/jan-toorop/the-new-generation-1892,https://uploads5.wikiart.org/images/jan-toorop/the-new-generation-1892.jpg,The New Generation
Carl Larsson,1897,http://www.wikiart.org/de/carl-larsson/lazy-nook-1897,https://uploads1.wikiart.org/images/carl-larsson/lazy-nook-1897(1).jpg,Lazy Nook
Carl Larsson,1895,http://www.wikiart.org/de/carl-larsson/breakfast-under-the-big-birch,https://uploads7.wikiart.org/images/carl-larsson/breakfast-under-the-big-birch(1).jpg,Breakfast under the Big Birch
Charles Rennie Mackintosh,1927,http://www.wikiart.org/de/charles-rennie-mackintosh/the-little-bay-port-vendres-1927,https://uploads2.wikiart.org/images/charles-rennie-mackintosh/the-little-bay-port-vendres-1927.jpg,"The Little Bay, Port Vendres "
Katsushika Hokusai,-1,http://www.wikiart.org/en/katsushika-hokusai/kajikazawa-in-kai-province,https://uploads7.wikiart.org/images/katsushika-hokusai/kajikazawa-in-kai-province.jpg,Kajikazawa in Kai Province
Paul Klee,1932,http://www.wikiart.org/en/paul-klee/to-the-parnassus-1932,https://uploads5.wikiart.org/images/paul-klee/to-the-parnassus-1932(2).jpg,Ad Parnassum
Vincent van Gogh,1890,http://www.wikiart.org/en/vincent-van-gogh/branches-with-almond-blossom-1890,https://uploads6.wikiart.org/images/vincent-van-gogh/branches-with-almond-blossom-1890(1).jpg,Branches with Almond Blossom
John William Waterhouse,1889,http://www.wikiart.org/en/john-william-waterhouse/ophelia-1889,https://uploads7.wikiart.org/images/john-william-waterhouse/ophelia-1889.jpg,Ophelia
Eugene Delacroix,1822,http://www.wikiart.org/en/eugene-delacroix/the-barque-of-dante-dante-and-virgil-in-the-underworld-1822-1,https://uploads3.wikiart.org/images/eugene-delacroix/dante-and-virgil-in-the-underworld-1822(1).jpg,The Barque of Dante (Dante and Virgil in the Underworld)
Paul Cezanne,1895,http://www.wikiart.org/en/paul-cezanne/still-life-with-bottle-and-apple-basket-1894,https://uploads1.wikiart.org/images/paul-cezanne/still-life-with-bottle-and-apple-basket-1894.jpg, Basket of Apples
Georges Seurat,1884,http://www.wikiart.org/en/georges-seurat/bathers-at-asni-res-1884,https://uploads1.wikiart.org/images/georges-seurat/bathers-at-asni-res-1884.jpg,Bathers at Asnières
Henry Ossawa Tanner,1894,http://www.wikiart.org/en/henry-ossawa-tanner/spinning-by-firelight-the-boyhood-of-george-washington-gray-1894,https://uploads1.wikiart.org/images/henry-ossawa-tanner/spinning-by-firelight-the-boyhood-of-george-washington-gray-1894.jpg,Spinning by Firelight - The Boyhood of George Washington Gray
Leonardo da Vinci,1472,http://www.wikiart.org/en/leonardo-da-vinci/annunciation,https://uploads1.wikiart.org/images/leonardo-da-vinci/annunciation.jpg,Annunciation
 Wassily Kandinsky,1911,http://www.wikiart.org/en/wassily-kandinsky/composition-iv-1911,https://uploads8.wikiart.org/images/wassily-kandinsky/composition-iv-1911.jpg,Composition IV
 Wassily Kandinsky,1917,http://www.wikiart.org/en/wassily-kandinsky/improvisation-209-1917,https://uploads5.wikiart.org/images/wassily-kandinsky/improvisation-209-1917(1).jpg,Improvisation 29
 Wassily Kandinsky,1923,http://www.wikiart.org/en/wassily-kandinsky/transverse-line-1923,https://uploads0.wikiart.org/images/wassily-kandinsky/transverse-line-1923.jpg,Transverse Line
 Wassily Kandinsky,1923,http://www.wikiart.org/en/wassily-kandinsky/composition-viii-1923,https://uploads1.wikiart.org/images/wassily-kandinsky/composition-viii-1923.jpg,Composition VIII
Claude Monet,-1,http://www.wikiart.org/en/claude-monet/house-of-parliament-sun,https://uploads7.wikiart.org/images/claude-monet/house-of-parliament-sun.jpg,House of Parliament Sun
Piet Mondrian,1910,http://www.wikiart.org/en/piet-mondrian/avond-evening-the-red-tree-1910,https://uploads7.wikiart.org/images/piet-mondrian/avond-evening-the-red-tree-1910.jpg,Avond (Evening): The Red Tree
Sydney Laurence,1928,http://www.wikiart.org/en/sydney-laurence/cape-st-elias-1928,https://uploads5.wikiart.org/images/sydney-laurence/cape-st-elias-1928.jpg,Cape St. Elias
Katsushika Hokusai,-1,http://www.wikiart.org/en/katsushika-hokusai/climbing-on-mt-fuji,https://uploads0.wikiart.org/images/katsushika-hokusai/climbing-on-mt-fuji.jpg,Climbing on Mt. Fuji
Ivan Aivazovsky,1850,http://www.wikiart.org/en/ivan-aivazovsky/the-ninth-wave-1850-1,https://uploads8.wikiart.org/images/ivan-aivazovsky/the-ninth-wave-1850-1.jpg,The Ninth Wave
Sir Lawrence Alma-Tadema,1893,http://www.wikiart.org/en/sir-lawrence-alma-tadema/unconscious-rivals-1893,https://uploads6.wikiart.org/images/alma-tadema-lawrence/unconscious-rivals-1893.jpg,Unconscious Rivals
Albert Bierstadt,-1,http://www.wikiart.org/en/albert-bierstadt/sunset-in-the-rockies,https://uploads0.wikiart.org/images/albert-bierstadt/sunset-in-the-rockies.jpg,Sunset in the Rockies
Patrick Henry Bruce,1930,http://www.wikiart.org/en/patrick-henry-bruce/painting-1930,https://uploads4.wikiart.org/images/patrick-henry-bruce/painting-1930.jpg,Painting
Gustave Caillebotte,1875,http://www.wikiart.org/en/gustave-caillebotte/the-parquet-planers-1875,https://uploads6.wikiart.org/images/gustave-caillebotte/the-parquet-planers-1875.jpg,The Parquet Planers
William Merritt Chase,1886,http://www.wikiart.org/en/william-merritt-chase/mrs-chase-in-prospect-park,https://uploads1.wikiart.org/images/william-merritt-chase/mrs-chase-in-prospect-park.jpg,Mrs. Chase in Prospect Park
Henri-Edmond Cross,1894,http://www.wikiart.org/en/henri-edmond-cross/the-evening-air-1894,https://uploads1.wikiart.org/images/henri-edmond-cross/the-evening-air-1894.jpg,The Evening Air
Patrick Henry Bruce,1924,http://www.wikiart.org/en/patrick-henry-bruce/still-life-1924,https://uploads6.wikiart.org/images/patrick-henry-bruce/still-life-1924.jpg,Still-life
Patrick Henry Bruce,1932,http://www.wikiart.org/en/patrick-henry-bruce/transverse-beams-1932,https://uploads3.wikiart.org/images/patrick-henry-bruce/transverse-beams-1932.jpg,Transverse Beams
Charles Demuth,1919,http://www.wikiart.org/en/charles-demuth/sail-in-two-movements-1919,https://uploads3.wikiart.org/images/charles-demuth/sail-in-two-movements-1919.jpg,Sail: In Two Movements
Henri-Edmond Cross,1891,http://www.wikiart.org/en/henri-edmond-cross/coast-near-antibes,https://uploads8.wikiart.org/images/henri-edmond-cross/coast-near-antibes.jpg,Coast Near Antibes
Henri-Edmond Cross,1893,http://www.wikiart.org/en/henri-edmond-cross/the-farm-evening,https://uploads6.wikiart.org/images/henri-edmond-cross/the-farm-evening.jpg,"The Farm, Evening"
Karl Edvard Diriks,1923,http://www.wikiart.org/en/karl-edvard-diriks/from-dr-baksundet-1923,https://uploads3.wikiart.org/images/karl-edvard-diriks/from-dr-baksundet-1923.jpg,From Drøbaksundet
Karl Edvard Diriks,-1,http://www.wikiart.org/en/karl-edvard-diriks/isl-sning,https://uploads8.wikiart.org/images/karl-edvard-diriks/isl-sning.jpg,Isløsning
Vincent van Gogh,1887,http://www.wikiart.org/en/vincent-van-gogh/the-factory-at-asnieres-1887,https://uploads7.wikiart.org/images/vincent-van-gogh/the-factory-at-asnieres-1887.jpg,The Factory at Asnieres
Vincent van Gogh,1888,http://www.wikiart.org/en/vincent-van-gogh/the-starry-night-1888-2,https://uploads2.wikiart.org/images/vincent-van-gogh/the-starry-night-1888-2.jpg,"The Starry Night Over the Rhone,"
Vincent van Gogh,1887,http://www.wikiart.org/en/vincent-van-gogh/still-life-with-two-sunflowers-1887-1,https://uploads7.wikiart.org/images/vincent-van-gogh/still-life-with-two-sunflowers-1887-1.jpg,Still Life with Two Sunflowers
Jan Siberechts,-1,http://www.wikiart.org/en/jan-siberechts/a-wooded-landscape-with-peasants-in-a-horse-drawn-cart-travelling-down-a-flooded-road,https://uploads8.wikiart.org/images/jan-siberechts/a-wooded-landscape-with-peasants-in-a-horse-drawn-cart-travelling-down-a-flooded-road.jpg,A Wooded Landscape with Peasants in a Horse-Drawn Cart Travelling Down a Flooded Road
Paul Cezanne,1879,http://www.wikiart.org/en/paul-cezanne/still-life-1879,https://uploads8.wikiart.org/images/paul-cezanne/still-life-1879.jpg,Still life
Paul Cezanne,1890,http://www.wikiart.org/en/paul-cezanne/forest,https://uploads8.wikiart.org/images/paul-cezanne/forest.jpg,Forest
Paul Cezanne,1900,http://www.wikiart.org/en/paul-cezanne/bibemus-quarry,https://uploads7.wikiart.org/images/paul-cezanne/bibemus-quarry.jpg,Bibemus Quarry
Paul Cezanne,1870,http://www.wikiart.org/en/paul-cezanne/factories-near-mont-de-cengle,https://uploads4.wikiart.org/images/paul-cezanne/factories-near-mont-de-cengle.jpg,Factories Near Mont de Cengle
Henri Rousseau,1879,http://www.wikiart.org/en/henri-rousseau/wagon-in-front-of-the-mill-1879,https://uploads8.wikiart.org/images/henri-rousseau/wagon-in-front-of-the-mill-1879.jpg,Wagon in Front of the Mill
Henri Rousseau,1896,http://www.wikiart.org/en/henri-rousseau/suburban-scene-1896,https://uploads5.wikiart.org/images/henri-rousseau/suburban-scene-1896.jpg,Suburban Scene
James Hamilton,-1,http://www.wikiart.org/en/james-hamilton/what-are-the-wild-waves-saying,https://uploads7.wikiart.org/images/james-hamilton/what-are-the-wild-waves-saying.jpg,What Are The Wild Waves Saying
Pierre-Auguste Renoir,1869,http://www.wikiart.org/en/pierre-auguste-renoir/la-grenouillere-1869-1,https://uploads6.wikiart.org/images/pierre-auguste-renoir/la-grenouillere-1869-1.jpg,La Grenouillere
Edgar Degas,1862,http://www.wikiart.org/en/edgar-degas/the-belleli-family-1862,https://uploads6.wikiart.org/images/edgar-degas/the-belleli-family-1862.jpg,The Belleli Family
Vladimir Makovsky,1881,http://www.wikiart.org/en/vladimir-makovsky/midday-sun-1881,https://uploads4.wikiart.org/images/vladimir-makovsky/midday-sun-1881.jpg,Midday Sun
Maxime Maufra,1910,http://www.wikiart.org/en/maxime-maufra/back-to-fishing-boats-in-belle-isle-en-mer-1910,https://uploads5.wikiart.org/images/maxime-maufra/back-to-fishing-boats-in-belle-isle-en-mer-1910.jpg,Back to Fishing boats in Belle-Isle-en-Mer
Willard Metcalf,1885,http://www.wikiart.org/en/willard-metcalf/old-woman-with-child-and-goose-1885,https://uploads4.wikiart.org/images/willard-metcalf/old-woman-with-child-and-goose-1885.jpg,Old Woman with Child and Goose
Willard Metcalf,1895,http://www.wikiart.org/en/willard-metcalf/gloucester-harbour-sun,https://uploads0.wikiart.org/images/willard-metcalf/gloucester-harbour-sun.jpg,Gloucester harbour Sun
Willard Metcalf,-1,http://www.wikiart.org/en/willard-metcalf/autum-glory,https://uploads7.wikiart.org/images/willard-metcalf/autum-glory.jpg,Autumn Glory
Sandro Botticelli,1485,http://www.wikiart.org/en/sandro-botticelli/the-birth-of-venus-1485,https://uploads6.wikiart.org/images/sandro-botticelli/the-birth-of-venus-1485(1).jpg,The Birth of Venus
 Wassily Kandinsky,1913,http://www.wikiart.org/en/wassily-kandinsky/composition-vi-1913,https://uploads8.wikiart.org/images/wassily-kandinsky/composition-vi-1913.jpg,Composition VI
Vincent van Gogh,1890,http://www.wikiart.org/en/vincent-van-gogh/white-house-at-night-1890,https://uploads4.wikiart.org/images/vincent-van-gogh/white-house-at-night-1890.jpg,White House at Night
Claude Monet,-1,http://www.wikiart.org/en/claude-monet/houses-at-argenteuil,https://uploads4.wikiart.org/images/claude-monet/houses-at-argenteuil.jpg,Houses at Argenteuil
Mikalojus Ciurlionis,1909,http://www.wikiart.org/en/mikalojus-ciurlionis/castle-castle-fairy-tale-1909,https://uploads3.wikiart.org/images/mikalojus-ciurlionis/castle-castle-fairy-tale-1909.jpg,Castle (Castle Fairy Tale)
Jean-Francois Millet,1857,http://www.wikiart.org/en/jean-francois-millet/the-gleaners-1857,https://uploads4.wikiart.org/00144/images/jean-francois-millet/jean-fran-ois-millet-gleaners-google-art-project.jpg,The Gleaners
Paul Signac,1891,http://www.wikiart.org/en/paul-signac/concarneau-study-1891,https://uploads4.wikiart.org/images/paul-signac/concarneau-study-1891.jpg,Concarneau (study)
Claude Monet,1875,http://www.wikiart.org/en/claude-monet/madame-monet-and-child,https://uploads0.wikiart.org/images/claude-monet/madame-monet-and-child(1).jpg,Camille Monet and a Child in the Artist’s Garden in Argenteuil
Rubens Santoro,-1,http://www.wikiart.org/en/rubens-santoro/capri-italy,https://uploads6.wikiart.org/images/rubens-santoro/capri-italy.jpg,"Capri, Italy"
Aleksey Savrasov,1868,http://www.wikiart.org/en/aleksey-savrasov/rafts-1868,https://uploads7.wikiart.org/images/aleksey-savrasov/rafts-1868.jpg,Rafts
Aleksey Savrasov,1872,http://www.wikiart.org/en/aleksey-savrasov/spring-the-rooks-have-arrived-1872,https://uploads4.wikiart.org/images/aleksey-savrasov/spring-the-rooks-have-arrived-1872.jpg,Spring. The Rooks Have Arrived.
Aleksey Savrasov,-1,http://www.wikiart.org/en/aleksey-savrasov/spring-thaw,https://uploads8.wikiart.org/images/aleksey-savrasov/spring-thaw.jpg,Spring Thaw
Ivan Shishkin,1889,http://www.wikiart.org/en/ivan-shishkin/morning-in-a-pine-forest-1889,https://uploads5.wikiart.org/images/ivan-shishkin/morning-in-a-pine-forest-1889.jpg,Morning in a Pine Forest
Ivan Shishkin,1869,http://www.wikiart.org/en/ivan-shishkin/promenading-in-the-forest-1869,https://uploads6.wikiart.org/images/ivan-shishkin/promenading-in-the-forest-1869.jpg,Promenading in the Forest
Henryk Siemiradzki,1873,http://www.wikiart.org/en/henryk-siemiradzki/christ-and-sinner,https://uploads7.wikiart.org/images/henryk-siemiradzki/christ-and-sinner.jpg,Christ and Sinner
Cornelis Springer,-1,http://www.wikiart.org/en/cornelis-springer/view-onn-enkhuizen,https://uploads7.wikiart.org/images/cornelis-springer/view-onn-enkhuizen.jpg,View on Enkhuizen
T. C. Steele,1897,http://www.wikiart.org/en/t-c-steele/gordon-hill-1897,https://uploads7.wikiart.org/images/t-c-steele/gordon-hill-1897.jpg,Gordon Hill
Alfred Sisley,1874,http://www.wikiart.org/en/alfred-sisley/under-the-bridge-at-hampton-court-1874,https://uploads5.wikiart.org/images/alfred-sisley/under-the-bridge-at-hampton-court-1874.jpg,Under the bridge at Hampton Court
Max Slevogt,1914,http://www.wikiart.org/en/max-slevogt/the-nile-at-aswan,https://uploads0.wikiart.org/images/max-slevogt/the-nile-at-aswan.jpg,The Nile at Aswan
T. C. Steele,1895,http://www.wikiart.org/en/t-c-steele/mysterious-1895,https://uploads6.wikiart.org/images/t-c-steele/mysterious-1895.jpg,Mysterious
Abdullah Suriosubroto,-1,http://www.wikiart.org/en/abdullah-suriosubroto/indonesian-landscape-3,https://uploads6.wikiart.org/images/abdullah-suriosubroto/indonesian-landscape-3.jpg,Indonesian Landscape
Abdullah Suriosubroto,-1,http://www.wikiart.org/en/abdullah-suriosubroto/landscape-mountain,https://uploads2.wikiart.org/images/abdullah-suriosubroto/landscape-mountain.jpg,Landscape Mountain
Abdullah Suriosubroto,-1,http://www.wikiart.org/en/abdullah-suriosubroto/suburnya-negeriku,https://uploads1.wikiart.org/images/abdullah-suriosubroto/suburnya-negeriku.jpg,Suburnya Negeriku
Frederic Remington,1903,http://www.wikiart.org/en/frederic-remington/fight-for-the-water-hole-1903,https://uploads1.wikiart.org/images/frederic-remington/fight-for-the-water-hole-1903.jpg,Fight for the Water Hole
Pieter Bruegel the Elder,1559,http://www.wikiart.org/en/pieter-bruegel-the-elder/the-fight-between-carnival-and-lent-1559-1,https://uploads5.wikiart.org/images/pieter-bruegel-the-elder/fight-between-carnival-and-lent-1559.jpg,The Fight between Carnival and Lent
William Turner,1838,http://www.wikiart.org/en/william-turner/flint-castle,https://uploads7.wikiart.org/images/william-turner/flint-castle.jpg,Flint Castle
Roger de La Fresnaye,-1,http://www.wikiart.org/en/roger-de-la-fresnaye/the-bouvier,https://uploads3.wikiart.org/images/roger-de-la-fresnaye/the-bouvier.jpg,The Bouvier
Roger de La Fresnaye,1913,http://www.wikiart.org/en/roger-de-la-fresnaye/married-life-1913,https://uploads0.wikiart.org/images/roger-de-la-fresnaye/married-life-1913.jpg,Married Life
Roger de La Fresnaye,1912,http://www.wikiart.org/en/roger-de-la-fresnaye/the-factory-chimney-meulan-landscape-1912,https://uploads6.wikiart.org/images/roger-de-la-fresnaye/the-factory-chimney-meulan-landscape-1912.jpg,"The Factory Chimney, Meulan Landscape"
Roger de La Fresnaye,1914,http://www.wikiart.org/en/roger-de-la-fresnaye/seated-man-1914,https://uploads7.wikiart.org/images/roger-de-la-fresnaye/seated-man-1914.jpg,Seated man
Roger de La Fresnaye,1909,http://www.wikiart.org/en/roger-de-la-fresnaye/white-house-at-audierne-1909,https://uploads2.wikiart.org/images/roger-de-la-fresnaye/white-house-at-audierne-1909.jpg,White House at Audierne
Wassily Kandinsky,1939,http://www.wikiart.org/en/wassily-kandinsky/composition-x-1939,https://uploads7.wikiart.org/images/wassily-kandinsky/composition-x-1939.jpg,Composition X
Correggio,1530,http://www.wikiart.org/en/correggio/the-assumption-of-the-virgin-1530,https://uploads5.wikiart.org/images/correggio/the-assumption-of-the-virgin-1530.jpg,The Assumption of the Virgin
Edwin Austin Abbey,1896,http://www.wikiart.org/en/edwin-austin-abbey/richard-duke-of-gloucester-and-the-lady-anne-1896,https://uploads3.wikiart.org/images/edwin-austin-abbey/richard-duke-of-gloucester-and-the-lady-anne-1896.jpg,"Richard, Duke of Gloucester, and the Lady Anne"
Albert Anker,1862,http://www.wikiart.org/en/albert-anker/the-school-exam-1862,https://uploads4.wikiart.org/images/albert-anker/the-school-exam-1862.jpg,The school exam
Edwin Austin Abbey,1900,http://www.wikiart.org/en/edwin-austin-abbey/fair-is-my-love-1900,https://uploads1.wikiart.org/images/edwin-austin-abbey/fair-is-my-love-1900.jpg,Fair Is My Love
Sir Lawrence Alma-Tadema,1887,http://www.wikiart.org/en/sir-lawrence-alma-tadema/the-women-of-amphissa-1887,https://uploads0.wikiart.org/images/alma-tadema-lawrence/the-women-of-amphissa-1887.jpg,The Women of Amphissa
Sir Lawrence Alma-Tadema,1865,http://www.wikiart.org/en/sir-lawrence-alma-tadema/egyptian-chess-players-1865,https://uploads1.wikiart.org/images/alma-tadema-lawrence/egyptian-chess-players-1865.jpg,Egyptian Chess Players
Thomas Pollock Anshutz,1880,http://www.wikiart.org/en/thomas-pollock-anshutz/the-ironworkers-noontime-1880,https://uploads8.wikiart.org/images/thomas-pollock-anshutz/the-ironworkers-noontime-1880(1).jpg,The Ironworkers' Noontime
Edward Mitchell Bannister,1868,http://www.wikiart.org/en/edward-mitchell-bannister/untitled-moon-over-a-harbor-1868,https://uploads2.wikiart.org/images/edward-mitchell-bannister/untitled-moon-over-a-harbor-1868.jpg,Untitled (Moon Over a Harbor)
Edward Mitchell Bannister,1880,http://www.wikiart.org/en/edward-mitchell-bannister/woman-standing-near-a-pond-1880,https://uploads1.wikiart.org/images/edward-mitchell-bannister/woman-standing-near-a-pond-1880.jpg,Woman Standing Near a Pond
Alexey  Bogolyubov,1877,http://www.wikiart.org/en/alexey-bogolyubov/the-battle-of-gangut-july-27-1714-1877,https://uploads0.wikiart.org/images/alexey-bogolyubov/the-battle-of-gangut-july-27-1714-1877.jpg,"The Battle of Gangut, July 27, 1714"
Frederic Bazille,1867,http://www.wikiart.org/en/frederic-bazille/family-reunion-1867,https://uploads7.wikiart.org/images/frederic-bazille/family-reunion-1867.jpg,Family Reunion
Bernardo Bellotto,1758,http://www.wikiart.org/en/bernardo-bellotto/the-schloss-hof-garden-side-1758,https://uploads3.wikiart.org/images/bernardo-bellotto/the-schloss-hof-garden-side-1758.jpg,"The Schloss Hof, Garden Side"
Alexey  Bogolyubov,1854,http://www.wikiart.org/en/alexey-bogolyubov/the-battle-of-fregate-flora-against-turkish-steamships-near-pitsunda-november-11-1853-1854,https://uploads7.wikiart.org/images/alexey-bogolyubov/the-battle-of-fregate-flora-against-turkish-steamships-near-pitsunda-november-11-1853-1854.jpg,"The battle of fregate Flora against Turkish steamships near Pitsunda November, 11 1853"
Alexey  Bogolyubov,1853,http://www.wikiart.org/en/alexey-bogolyubov/the-battle-of-athos-1853,https://uploads4.wikiart.org/images/alexey-bogolyubov/the-battle-of-athos-1853.jpg,The Battle of Athos
Lilla Cabot Perry,1901,http://www.wikiart.org/en/lilla-cabot-perry/the-trio-tokyo-japan-1901,https://uploads5.wikiart.org/images/lilla-cabot-perry/the-trio-tokyo-japan-1901.jpg,"The Trio, Tokyo, Japan "
Gustave Caillebotte,1877,http://www.wikiart.org/en/gustave-caillebotte/skiffs-on-the-yerres,https://uploads2.wikiart.org/images/gustave-caillebotte/skiffs-on-the-yerres.jpg,Skiffs on the Yerres
Gustave Caillebotte,1877,http://www.wikiart.org/en/gustave-caillebotte/the-bather-or-the-diver-1877,https://uploads1.wikiart.org/images/gustave-caillebotte/the-bather-or-the-diver-1877.jpg,"The Bather, or The Diver"
John Wilson Carmichael,1847,http://www.wikiart.org/en/john-wilson-carmichael/hms-erebus-and-terror-in-the-antarctic-1847,https://uploads1.wikiart.org/images/john-wilson-carmichael/hms-erebus-and-terror-in-the-antarctic-1847.jpg,HMS Erebus and Terror in the Antarctic
Franklin Carmichael,1926,http://www.wikiart.org/en/franklin-carmichael/jackknife-village-1926,https://uploads4.wikiart.org/images/franklin-carmichael/jackknife-village-1926.jpg,Jackknife Village
William Merritt Chase,1883,http://www.wikiart.org/en/william-merritt-chase/portrait-of-miss-dora-wheeler-1,https://uploads6.wikiart.org/images/william-merritt-chase/portrait-of-miss-dora-wheeler-1.jpg,Portrait of Miss Dora Wheeler
William Merritt Chase,1894,http://www.wikiart.org/en/william-merritt-chase/idle-hours,https://uploads3.wikiart.org/images/william-merritt-chase/idle-hours.jpg,Idle Hours
William Merritt Chase,-1,http://www.wikiart.org/en/william-merritt-chase/at-the-seaside,https://uploads7.wikiart.org/images/william-merritt-chase/at-the-seaside.jpg,At the seaside
William Merritt Chase,1900,http://www.wikiart.org/en/william-merritt-chase/the-beach-at-zandvoort-1900,https://uploads2.wikiart.org/images/william-merritt-chase/the-beach-at-zandvoort-1900.jpg,The Beach at Zandvoort
Emile Claus,-1,http://www.wikiart.org/en/emile-claus/picking-blossoms,https://uploads8.wikiart.org/images/emile-claus/picking-blossoms.jpg,Picking Blossoms
Mikalojus Ciurlionis,1904,http://www.wikiart.org/en/mikalojus-ciurlionis/deluge-i-1904,https://uploads5.wikiart.org/images/mikalojus-ciurlionis/deluge-i-1904.jpg,Deluge (I)
Mikalojus Ciurlionis,1903,http://www.wikiart.org/en/mikalojus-ciurlionis/funeral-symphony-iv-1903,https://uploads7.wikiart.org/images/mikalojus-ciurlionis/funeral-symphony-iv-1903.jpg,Funeral Symphony (IV)
James Charles,1877,http://www.wikiart.org/en/james-charles/chelsea-workhouse-a-bible-reading-our-poor-1877,https://uploads5.wikiart.org/images/james-charles/chelsea-workhouse-a-bible-reading-our-poor-1877.jpg,Chelsea Workhouse: A Bible Reading (Our Poor)
Henri-Edmond Cross,1892,http://www.wikiart.org/en/henri-edmond-cross/plage-de-la-vignassa-1892,https://uploads6.wikiart.org/images/henri-edmond-cross/plage-de-la-vignassa-1892.jpg,Plage de la Vignassa
Camille Corot,1834,http://www.wikiart.org/en/camille-corot/voltarra-the-citadel-1834,https://uploads1.wikiart.org/images/camille-corot/voltarra-the-citadel-1834.jpg,Voltarra the Citadel
Camille Corot,-1,http://www.wikiart.org/en/camille-corot/venice-gondola-on-grand-canal,https://uploads5.wikiart.org/images/camille-corot/venice-gondola-on-grand-canal.jpg,Venice Gondola on Grand Canal
James Webb,-1,http://www.wikiart.org/en/james-webb/cartagena-spain-1870,https://uploads2.wikiart.org/images/james-webb/cartagena-spain-1870.jpg,"Cartagena, Spain"
Wilhelm Trubner,-1,http://www.wikiart.org/en/wilhelm-trubner/neuburg-gates-heidelberg-1913,https://uploads7.wikiart.org/images/wilhelm-trubner/neuburg-gates-heidelberg-1913.jpg,"Neuburg Gates, Heidelberg"
John William Waterhouse,-1,http://www.wikiart.org/en/john-william-waterhouse/ulysses-and-the-sirens-1891,https://uploads4.wikiart.org/images/john-william-waterhouse/ulysses-and-the-sirens-1891.jpg,Ulysses and the Sirens
John William Waterhouse,-1,http://www.wikiart.org/en/john-william-waterhouse/saint-cecilia-1895,https://uploads4.wikiart.org/images/john-william-waterhouse/saint-cecilia-1895.jpg,Saint Cecilia
John William Waterhouse,-1,http://www.wikiart.org/en/john-william-waterhouse/consulting-the-oracle,https://uploads7.wikiart.org/images/john-william-waterhouse/consulting-the-oracle.jpg,Consulting the Oracle
James Webb,-1,http://www.wikiart.org/en/james-webb/evening-off-st-michael-s-mount-1855,https://uploads8.wikiart.org/images/james-webb/evening-off-st-michael-s-mount-1855.jpg,Evening off St Michael's Mount
Franz Richard Unterberger,-1,http://www.wikiart.org/en/franz-richard-unterberger/genoa,https://uploads2.wikiart.org/images/franz-richard-unterberger/genoa.jpg,Genoa
Efim Volkov,-1,http://www.wikiart.org/en/efim-volkov/first-snow,https://uploads2.wikiart.org/images/efim-volkov/first-snow.jpg,First Snow
Franz Richard Unterberger,-1,http://www.wikiart.org/en/franz-richard-unterberger/the-monreale-road-palermo-1884,https://uploads0.wikiart.org/images/franz-richard-unterberger/the-monreale-road-palermo-1884.jpg,"The Monreale Road, Palermo"
Efim Volkov,-1,http://www.wikiart.org/en/efim-volkov/landscape-with-a-pond,https://uploads4.wikiart.org/images/efim-volkov/landscape-with-a-pond.jpg,Landscape with a Pond
Utagawa Kuniyoshi,-1,http://www.wikiart.org/en/utagawa-kuniyoshi/seaweed-gatherers-at-omari,https://uploads6.wikiart.org/images/utagawa-kuniyoshi/seaweed-gatherers-at-omari.jpg,Seaweed Gatherers at Omari
Jan Toorop,-1,http://www.wikiart.org/en/jan-toorop/broek-in-waterland-1889,https://uploads5.wikiart.org/images/jan-toorop/broek-in-waterland-1889.jpg,Broek in Waterland
Giovanni Battista Torriglia,-1,http://www.wikiart.org/en/giovanni-battista-torriglia/a-happy-family,https://uploads4.wikiart.org/images/giovanni-battista-torriglia/a-happy-family.jpg,A Happy Family
Ion Theodorescu-Sion,-1,http://www.wikiart.org/en/ion-theodorescu-sion/femeie-n-parc-1919,https://uploads1.wikiart.org/images/ion-theodorescu-sion/femeie-n-parc-1919.jpg,Woman in the Park
Frits Thaulow,-1,http://www.wikiart.org/en/frits-thaulow/a-factory-building-near-an-icy-river-in-winter,https://uploads4.wikiart.org/images/frits-thaulow/a-factory-building-near-an-icy-river-in-winter.jpg,A Factory Building near an Icy River in Winter
Henri de Toulouse-Lautrec,1892,https://wikiart.org/en/henri-de-toulouse-lautrec/in-bed-the-kiss-1892,https://uploads8.wikiart.org/images/henri-de-toulouse-lautrec/in-bed-the-kiss-1892.jpg,"In Bed, The Kiss"
Piet Mondrian,1923,https://wikiart.org/en/piet-mondrian/composition-a-1923,https://uploads3.wikiart.org/images/piet-mondrian/composition-a-1923.jpg,Composition A
Gustav Klimt,1918,https://wikiart.org/en/gustav-klimt/lady-with-fan-1918,https://uploads2.wikiart.org/images/gustav-klimt/lady-with-fan-1918.jpg,Lady with Fan
M.C. Escher,1946,https://wikiart.org/en/m-c-escher/eye,https://uploads3.wikiart.org/images/m-c-escher/eye.jpg,Eye
Edouard Manet,1863,https://wikiart.org/en/edouard-manet/the-luncheon-on-the-grass-1863,https://uploads6.wikiart.org/images/edouard-manet/the-luncheon-on-the-grass-1863.jpg,The Luncheon on the Grass
Hieronymus Bosch,1515,https://wikiart.org/en/hieronymus-bosch/the-garden-of-earthly-delights-1515-7,https://uploads7.wikiart.org/images/hieronymus-bosch/the-garden-of-earthly-delights-1515-7.jpg,The Garden of Earthly Delights
M.C. Escher,1948,https://wikiart.org/en/m-c-escher/drawing-hands,https://uploads4.wikiart.org/images/m-c-escher/drawing-hands.jpg,Drawing Hands
Gustav Klimt,1907,https://www.wikiart.org/en/gustav-klimt/portrait-of-adele-bloch-bauer-i-1907-1,https://uploads0.wikiart.org/images/gustav-klimt/portrait-of-adele-bloch-bauer-i(1).jpg,Portrait of Adele Bloch-Bauer I
Andy Warhol,1963,https://wikiart.org/en/andy-warhol/elvis-presley,https://uploads8.wikiart.org/images/andy-warhol/elvis-presley(1).jpg,Elvis I & II
Peter Paul Rubens,1613,https://wikiart.org/en/peter-paul-rubens/jupiter-and-callisto-1613,https://uploads5.wikiart.org/images/peter-paul-rubens/jupiter-and-callisto-1613.jpg,Jupiter and Callisto
 Wassily Kandinsky,1925,https://wikiart.org/en/wassily-kandinsky/yellow-red-blue-1925,https://uploads0.wikiart.org/images/wassily-kandinsky/yellow-red-blue-1925.jpg,Yellow-Red-Blue
M.C. Escher,1957,https://wikiart.org/en/m-c-escher/mosaic-ii,https://uploads0.wikiart.org/images/m-c-escher/mosaic-ii.jpg,Mosaic II
Lucian Freud,1952,https://wikiart.org/en/lucian-freud/girl-with-a-white-dog,https://uploads5.wikiart.org/images/lucian-freud/girl-with-a-white-dog.jpg,Girl with a White Dog
Gustave Courbet,1845,https://wikiart.org/en/gustave-courbet/the-desperate-man-self-portrait-1845,https://uploads5.wikiart.org/images/gustave-courbet/the-desperate-man-self-portrait-1845.jpg,The Desperate Man (Self-Portrait)
Edward Hopper,1929,https://wikiart.org/en/edward-hopper/chop-suey-1929,https://uploads8.wikiart.org/images/edward-hopper/chop-suey-1929.jpg,Chop Suey
M.C. Escher,1968,https://wikiart.org/en/m-c-escher/metamorphosis-iii-1968-1,https://uploads6.wikiart.org/images/m-c-escher/metamorphosis-iii-1968-1.jpg,Metamorphosis III
M.C. Escher,1946,https://wikiart.org/en/m-c-escher/mumified-frog,https://uploads4.wikiart.org/images/m-c-escher/mumified-frog.jpg,Mumified Frog
Gustav Klimt,1903,https://wikiart.org/en/gustav-klimt/farmhouse-with-birch-trees-1903,https://uploads6.wikiart.org/images/gustav-klimt/farmhouse-with-birch-trees-1903.jpg,Farmhouse with Birch Trees
Katsushika Hokusai,1831,https://wikiart.org/en/katsushika-hokusai/the-great-wave-off-kanagawa,https://uploads6.wikiart.org/00129/images/katsushika-hokusai/the-great-wave-off-kanagawa.jpg,The Great Wave off Kanagawa
John William Waterhouse,1893,https://wikiart.org/en/john-william-waterhouse/the-naiad-1893,https://uploads0.wikiart.org/images/john-william-waterhouse/the-naiad-1893.jpg,The Naiad
Leonardo da Vinci,1481,https://wikiart.org/en/leonardo-da-vinci/drawings-of-water-lifting-devices,https://uploads4.wikiart.org/images/leonardo-da-vinci/drawings-of-water-lifting-devices.jpg,Drawings of Water Lifting Devices
M.C. Escher,1926,https://wikiart.org/en/m-c-escher/birds,https://uploads5.wikiart.org/images/m-c-escher/birds.jpg,Birds
Gustav Klimt,1909,https://wikiart.org/en/gustav-klimt/the-tree-of-life-stoclet-frieze,https://uploads6.wikiart.org/images/gustav-klimt/the-tree-of-life-stoclet-frieze.jpg,"The Tree of Life, Stoclet Frieze"
Piet Mondrian,1911,https://wikiart.org/en/piet-mondrian/the-gray-tree-1911,https://uploads3.wikiart.org/images/piet-mondrian/the-gray-tree-1911.jpg,The Gray Tree
Katsushika Hokusai,1830,https://wikiart.org/en/katsushika-hokusai/hibiscus-and-sparrow,https://uploads1.wikiart.org/images/katsushika-hokusai/hibiscus-and-sparrow.jpg,Hibiscus and Sparrow
Leonardo da Vinci,1505,https://wikiart.org/en/leonardo-da-vinci/anatomical-studies,https://uploads7.wikiart.org/images/leonardo-da-vinci/anatomical-studies.jpg,Anatomical studies
Hieronymus Bosch,1485,https://wikiart.org/en/hieronymus-bosch/the-seven-deadly-sins-and-the-four-last-things-1485,https://uploads3.wikiart.org/images/hieronymus-bosch/the-seven-deadly-sins-and-the-four-last-things-1485.jpg,The Seven Deadly Sins and the Four Last Things
Robert Delaunay,1912,https://wikiart.org/en/robert-delaunay/rhythm-1,https://uploads4.wikiart.org/images/robert-delaunay/rhythm-1.jpg,Rhythm
M.C. Escher,-1,https://wikiart.org/en/m-c-escher/symmetry-watercolor-106-bird,https://uploads1.wikiart.org/images/m-c-escher/symmetry-watercolor-106-bird.jpg,Symmetry Watercolor 106 Bird
Edgar Degas,1884,https://wikiart.org/en/edgar-degas/the-pink-dancers-before-the-ballet-1884,https://uploads4.wikiart.org/images/edgar-degas/the-pink-dancers-before-the-ballet-1884.jpg,"The Pink Dancers, Before the Ballet"
Edward Hopper,1951,https://wikiart.org/en/edward-hopper/rooms-by-the-sea,https://uploads1.wikiart.org/images/edward-hopper/rooms-by-the-sea.jpg,Rooms By The Sea
Cy Twombly,1961,https://wikiart.org/en/cy-twombly/untitled,https://uploads8.wikiart.org/images/cy-twombly/untitled.jpg,Untitled
Edward Hopper,1937,https://wikiart.org/en/edward-hopper/sheridan-theatre,https://uploads1.wikiart.org/images/edward-hopper/sheridan-theatre.jpg,Sheridan Theatre
Gustave Dore,-1,https://wikiart.org/en/gustave-dore/the-inferno-canto-21-1,https://uploads6.wikiart.org/images/gustave-dore/the-inferno-canto-21-1.jpg,"The Inferno, Canto 21"
Norman Rockwell,1964,https://wikiart.org/en/norman-rockwell/the-problem-we-all-live-with-1935,https://uploads2.wikiart.org/images/norman-rockwell/the-problem-we-all-live-with-1935.jpg,The problem we all live with
M.C. Escher,1946,https://wikiart.org/en/m-c-escher/magic-mirror,https://uploads3.wikiart.org/images/m-c-escher/magic-mirror.jpg,Magic Mirror
Edouard Manet,1863,https://wikiart.org/en/edouard-manet/olympia-1863,https://uploads6.wikiart.org/images/edouard-manet/olympia-1863.jpg,Olympia
Francisco Goya,1800,https://wikiart.org/en/francisco-goya/nude-maja-1800,https://uploads0.wikiart.org/images/francisco-goya/nude-maja-1800.jpg,Nude Maja
Albrecht Durer,-1,https://wikiart.org/en/albrecht-durer/feet-of-an-apostle,https://uploads4.wikiart.org/images/albrecht-durer/feet-of-an-apostle.jpg,Feet of an apostle
Lucian Freud,1939,https://wikiart.org/en/lucian-freud/box-of-apples-in-wales-1939,https://uploads2.wikiart.org/images/lucian-freud/box-of-apples-in-wales-1939.jpg,Box of Apples in Wales
Norman Rockwell,1953,https://wikiart.org/en/norman-rockwell/portrait-of-norman-rockwell-painting-the-soda-jerk-1953,https://uploads6.wikiart.org/images/norman-rockwell/portrait-of-norman-rockwell-painting-the-soda-jerk-1953.jpg,Portrait of Norman Rockwell Painting the Soda Jerk
Claude Monet,1896,https://wikiart.org/en/claude-monet/the-japanese-bridge-the-bridge-in-monet-s-garden-1896,https://uploads1.wikiart.org/images/claude-monet/the-japanese-bridge-the-bridge-in-monet-s-garden-1896.jpg,The Japanese Bridge (The Bridge in Monet's Garden)
Alphonse Mucha,1895,https://wikiart.org/en/alphonse-mucha/amants-1895,https://uploads6.wikiart.org/images/alphonse-mucha/amants-1895.jpg,Amants
Edward Hopper,1930,https://wikiart.org/en/edward-hopper/the-long-leg,https://uploads6.wikiart.org/images/edward-hopper/the-long-leg.jpg,The Long Leg
Edward Hopper,1949,https://wikiart.org/en/edward-hopper/conference-at-night,https://uploads4.wikiart.org/images/edward-hopper/conference-at-night.jpg,Conference At Night
Edward Hopper,1942,https://wikiart.org/en/edward-hopper/nighthawks,https://uploads4.wikiart.org/images/edward-hopper/nighthawks.jpg,Nighthawks
Edward Hopper,1958,https://wikiart.org/en/edward-hopper/sunlights-in-cafeteria,https://uploads7.wikiart.org/images/edward-hopper/sunlights-in-cafeteria.jpg,Sunlights in Cafeteria
M.C. Escher,1958,https://wikiart.org/en/m-c-escher/circle-limit-i,https://uploads5.wikiart.org/images/m-c-escher/circle-limit-i.jpg,Circle Limit I
Leonardo da Vinci,1495,https://wikiart.org/en/leonardo-da-vinci/the-last-supper-1495,https://uploads0.wikiart.org/images/leonardo-da-vinci/the-last-supper-1495.jpg,The Last Supper
Leonardo da Vinci,1483,https://wikiart.org/en/leonardo-da-vinci/scythed-chariot,https://uploads4.wikiart.org/images/leonardo-da-vinci/scythed-chariot.jpg,Scythed Chariot
Edgar Degas,1872,https://wikiart.org/en/edgar-degas/dance-opera,https://uploads3.wikiart.org/images/edgar-degas/dance-opera.jpg,Dance Opera
Canaletto,1746,https://wikiart.org/en/canaletto/the-river-thames-with-st-paul-s-cathedral-on-lord-mayor-s-day,https://uploads6.wikiart.org/images/canaletto/the-river-thames-with-st-paul-s-cathedral-on-lord-mayor-s-day.jpg,The River Thames with St. Paul's Cathedral on Lord Mayor's Day
Edward Hopper,1950,https://wikiart.org/en/edward-hopper/cape-cod-morning,https://uploads1.wikiart.org/images/edward-hopper/cape-cod-morning.jpg,Cape Cod Morning
Leonardo da Vinci,1473,https://wikiart.org/en/leonardo-da-vinci/landscape-drawing-for-santa-maria-della-neve-1473,https://uploads2.wikiart.org/images/leonardo-da-vinci/landscape-drawing-for-santa-maria-della-neve-1473.jpg,Landscape drawing for Santa Maria della Neve
Leonardo da Vinci,1494,https://wikiart.org/en/leonardo-da-vinci/study-for-the-last-supper-1,https://uploads7.wikiart.org/images/leonardo-da-vinci/study-for-the-last-supper-1.jpg,Study for the Last Supper
Gustav Klimt,1908,https://wikiart.org/en/gustav-klimt/danae-1908,https://uploads3.wikiart.org/images/gustav-klimt/danae-1908.jpg,Danae
Edward Hopper,1947,https://wikiart.org/en/edward-hopper/summer-evening,https://uploads8.wikiart.org/images/edward-hopper/summer-evening.jpg,Summer Evening
Sandro Botticelli,1480,https://wikiart.org/en/sandro-botticelli/the-abyss-of-hell-1480,https://uploads5.wikiart.org/images/sandro-botticelli/the-abyss-of-hell-1480(1).jpg,The Abyss of Hell
Alphonse Mucha,1897,https://wikiart.org/en/alphonse-mucha/cropped-print-of-four-panels-each-depicting-one-of-the-four-seasons-personified-by-a-woman,https://uploads4.wikiart.org/images/alphonse-mucha/cropped-print-of-four-panels-each-depicting-one-of-the-four-seasons-personified-by-a-woman.jpg,Cropped print of four panels each depicting one of the four seasons personified by a woman
M.C. Escher,1938,https://wikiart.org/en/m-c-escher/bird-fish,https://uploads0.wikiart.org/images/m-c-escher/bird-fish.jpg,Bird Fish
Gustav Klimt,1902,https://www.wikiart.org/en/gustav-klimt/the-beethoven-frieze-the-hostile-powers-far-wall-1902-1,https://uploads5.wikiart.org/images/gustav-klimt/the-beethoven-frieze-the-hostile-powers-far-wall.jpg,The Beethoven Frieze: The Hostile Powers. Far Wall
Edgar Degas,1879,https://wikiart.org/en/edgar-degas/two-ballet-dancers,https://uploads1.wikiart.org/images/edgar-degas/two-ballet-dancers.jpg,Two Ballet Dancers
 Wassily Kandinsky,1903,https://wikiart.org/en/wassily-kandinsky/blue-rider-1903,https://uploads4.wikiart.org/images/wassily-kandinsky/blue-rider-1903.jpg,Blue rider
Paul Signac,1909,https://wikiart.org/en/paul-signac/the-pine-tree-at-st-tropez-1909,https://uploads5.wikiart.org/images/paul-signac/the-pine-tree-at-st-tropez-1909.jpg,The Pine Tree at St. Tropez
Edward Hopper,1940,https://wikiart.org/en/edward-hopper/gas,https://uploads6.wikiart.org/images/edward-hopper/gas.jpg,Gas
Edward Hopper,1939,https://wikiart.org/en/edward-hopper/ground-swell,https://uploads6.wikiart.org/images/edward-hopper/ground-swell.jpg,Ground Swell
M.C. Escher,1938,https://wikiart.org/en/m-c-escher/day-and-night,https://uploads4.wikiart.org/images/m-c-escher/day-and-night.jpg,Day and Night
Claude Monet,1885,https://wikiart.org/en/claude-monet/etretat-cliff-of-d-aval-sunset,https://uploads5.wikiart.org/images/claude-monet/etretat-cliff-of-d-aval-sunset.jpg,"Etretat, Cliff of d`Aval, Sunset"
Octavio Ocampo,-1,https://wikiart.org/en/octavio-ocampo/kiss-of-the-sea,https://uploads1.wikiart.org/images/octavio-ocampo/kiss-of-the-sea.jpg,Kiss of the Sea
 Wassily Kandinsky,1913,https://wikiart.org/en/wassily-kandinsky/color-study-squares-with-concentric-circles-1913,https://uploads4.wikiart.org/images/wassily-kandinsky/color-study-squares-with-concentric-circles-1913(1).jpg,Color Study: Squares with Concentric Circles
Gustav Klimt,1902,https://www.wikiart.org/en/gustav-klimt/the-beethoven-frieze-the-longing-for-happiness-finds-repose-in-poetry-right-wall-1902-1,https://uploads3.wikiart.org/images/gustav-klimt/the-beethoven-frieze-the-longing-for-happiness-finds-repose-in-poetry-right-wall-1.jpg,The Beethoven Frieze: The Longing for Happiness Finds Repose in Poetry. Right wall
Alphonse Mucha,1896,https://wikiart.org/en/alphonse-mucha/prophetess-1896,https://uploads1.wikiart.org/images/alphonse-mucha/prophetess-1896.jpg,Prophetess
Claude Monet,1863,https://wikiart.org/en/claude-monet/still-life-with-bottles-1863,https://uploads3.wikiart.org/images/claude-monet/still-life-with-bottles-1863.jpg,Still Life With Bottles
Lucian Freud,2004,https://wikiart.org/en/lucian-freud/irish-woman-on-a-bed-2004,https://uploads0.wikiart.org/images/lucian-freud/irish-woman-on-a-bed-2004.jpg,Irish Woman on a Bed
Edward Hopper,1963,https://wikiart.org/en/edward-hopper/sun-in-an-empty-room,https://uploads5.wikiart.org/images/edward-hopper/sun-in-an-empty-room.jpg,Sun in an Empty Room
Gustav Klimt,1887,https://wikiart.org/en/gustav-klimt/female-nude,https://uploads4.wikiart.org/images/gustav-klimt/female-nude.jpg,Female Nude
Edward Hopper,1952,https://wikiart.org/en/edward-hopper/morning-sun,https://uploads5.wikiart.org/images/edward-hopper/morning-sun.jpg,Morning Sun
Lucian Freud,1974,https://wikiart.org/en/lucian-freud/small-naked-portrait-1974,https://uploads0.wikiart.org/images/lucian-freud/small-naked-portrait-1974.jpg,Small Naked Portrait
Filippo Brunelleschi,1428,https://wikiart.org/en/filippo-brunelleschi/perspective-drawing-for-church-of-santo-spirito-in-florence,https://uploads6.wikiart.org/images/filippo-brunelleschi/perspective-drawing-for-church-of-santo-spirito-in-florence.jpg,Perspective drawing for Church of Santo Spirito in Florence
Edward Hopper,1952,https://wikiart.org/en/edward-hopper/hotel-by-a-railroad,https://uploads4.wikiart.org/images/edward-hopper/hotel-by-a-railroad.jpg,Hotel By A Railroad
M.C. Escher,1939,https://wikiart.org/en/m-c-escher/metamorphosis-ii,https://uploads7.wikiart.org/images/m-c-escher/metamorphosis-ii.jpg,Metamorphosis II
Claude Monet,1864,https://wikiart.org/en/claude-monet/seacoast-at-saint-adresse-sunset,https://uploads7.wikiart.org/images/claude-monet/seacoast-at-saint-adresse-sunset.jpg,"Seacoast at Saint-Adresse, Sunset"
Claude Monet,1874,https://wikiart.org/en/claude-monet/boaters-at-argenteuil,https://uploads5.wikiart.org/images/claude-monet/boaters-at-argenteuil.jpg,Boaters at Argenteuil
Vincent van Gogh,1889,https://wikiart.org/en/vincent-van-gogh/landscape-with-house-and-ploughman-1889,https://uploads3.wikiart.org/images/vincent-van-gogh/landscape-with-house-and-ploughman-1889(2).jpg,Landscape with House and Ploughman
Honore Daumier,1831,https://www.wikiart.org/en/honore-daumier/gargantua-1831,https://uploads4.wikiart.org/images/honore-daumier/gargantua.jpg,Gargantua
Claude Monet,1864,https://wikiart.org/en/claude-monet/boatyard-near-honfleur,https://uploads6.wikiart.org/images/claude-monet/boatyard-near-honfleur.jpg,Boatyard near Honfleur
Francisco de Zurbaran,1640,https://wikiart.org/en/francisco-zurbaran/agnus-dei-1640,https://uploads4.wikiart.org/images/francisco-zurbaran/agnus-dei-1640.jpg,Agnus Dei
Claude Monet,1863,https://wikiart.org/en/claude-monet/a-farmyard-in-normandy,https://uploads0.wikiart.org/images/claude-monet/a-farmyard-in-normandy(1).jpg,A Farmyard in Normandy
John Constable,-1,https://wikiart.org/en/john-constable/nuvens,https://uploads1.wikiart.org/images/john-constable/nuvens.jpg,Nuvens
Lucian Freud,1983,https://wikiart.org/en/lucian-freud/large-interior-w11-after-watteau-1983,https://uploads3.wikiart.org/images/lucian-freud/large-interior-w11-after-watteau-1983.jpg,Large Interior W11 (after Watteau)
Claude Monet,1864,https://wikiart.org/en/claude-monet/lighthouse-at-the-hospice,https://uploads0.wikiart.org/images/claude-monet/lighthouse-at-the-hospice.jpg,Lighthouse at the Hospice
Edward Hopper,1928,https://wikiart.org/en/edward-hopper/not_detected_235605,https://uploads7.wikiart.org/images/edward-hopper/not_detected_235605(1).jpg,Manhattan Bridge Loop
El Lissitzky,1920,https://wikiart.org/en/el-lissitzky/beat-the-whites-with-the-red-wedge-1920,https://uploads5.wikiart.org/images/el-lissitzky/beat-the-whites-with-the-red-wedge-1920.jpg,Beat the Whites with the Red Wedge
Claude Monet,1890,https://wikiart.org/en/claude-monet/poppy-field-in-giverny,https://uploads6.wikiart.org/images/claude-monet/poppy-field-in-giverny.jpg,Poppy Field in Giverny
John William Waterhouse,1888,https://wikiart.org/en/john-william-waterhouse/the-lady-of-shalott-1888,https://uploads1.wikiart.org/images/john-william-waterhouse/the-lady-of-shalott-1888.jpg,The Lady of Shalott
Paul Gauguin,1893,https://wikiart.org/en/paul-gauguin/tahitian-mountains-1893,https://uploads7.wikiart.org/images/paul-gauguin/tahitian-mountains-1893.jpg,Tahitian mountains
Paul Klee,1928,https://wikiart.org/en/paul-klee/cat-and-bird,https://uploads5.wikiart.org/images/paul-klee/cat-and-bird(1).jpg,Cat and Bird
Paul Gauguin,1873,https://wikiart.org/en/paul-gauguin/in-the-forest-saint-cloud-1873,https://uploads5.wikiart.org/images/paul-gauguin/in-the-forest-saint-cloud-1873.jpg,In the forest Saint Cloud
Gustav Klimt,1913,https://wikiart.org/en/gustav-klimt/the-virgin-1913,https://uploads8.wikiart.org/images/gustav-klimt/the-virgin-1913.jpg,The Virgin
Edward Hopper,1940,https://wikiart.org/en/edward-hopper/not_detected_235607,https://uploads7.wikiart.org/images/edward-hopper/not_detected_235607(1).jpg,Room in New York
Lucian Freud,1944,https://wikiart.org/en/lucian-freud/the-painter-s-room-1944,https://uploads7.wikiart.org/images/lucian-freud/the-painter-s-room-1944.jpg,The Painter's Room
Gustav Klimt,1907,https://wikiart.org/en/gustav-klimt/water-snakes-ii,https://uploads8.wikiart.org/images/gustav-klimt/water-snakes-ii.jpg,Water Snakes II
Claude Monet,1900,https://wikiart.org/en/claude-monet/irises-in-monet-s-garden-03,https://uploads2.wikiart.org/images/claude-monet/irises-in-monet-s-garden-03.jpg,Irises in Monet's Garden
Robert Delaunay,1939,https://wikiart.org/en/robert-delaunay/rythm-1,https://uploads3.wikiart.org/images/robert-delaunay/rythm-1.jpg,Rythm
Claude Monet,1864,https://wikiart.org/en/claude-monet/road-in-a-forest-fontainebleau,https://uploads5.wikiart.org/images/claude-monet/road-in-a-forest-fontainebleau.jpg,Road in a Forest Fontainebleau
Francois Boucher,1740,https://www.wikiart.org/en/francois-boucher/the-birth-and-triumph-of-venus-1740-1,https://uploads3.wikiart.org/images/francois-boucher/triumph-of-venus-1740(1).jpg,The Birth and Triumph of Venus
Edvard Munch,1907,https://wikiart.org/en/edvard-munch/the-sick-child-1886,https://uploads3.wikiart.org/images/edvard-munch/the-sick-child-1886.jpg,The Sick Child (later)
Claude Monet,1892,https://wikiart.org/en/claude-monet/poplars-on-the-banks-of-the-river-epte-seen-from-the-marsh-1892,https://uploads2.wikiart.org/images/claude-monet/poplars-on-the-banks-of-the-river-epte-seen-from-the-marsh-1892.jpg,"Poplars on the Banks of the River Epte, Seen from the Marsh"
Raphael,1513,https://wikiart.org/en/raphael/putti-detail-from-the-sistine-madonna-1513,https://uploads3.wikiart.org/images/raphael/putti-detail-from-the-sistine-madonna-1513.jpg,"Putti, detail from The Sistine Madonna"
M.C. Escher,1921,https://wikiart.org/en/m-c-escher/paradise,https://uploads8.wikiart.org/images/m-c-escher/paradise.jpg,Paradise
Edgar Degas,1885,https://wikiart.org/en/edgar-degas/dancers-in-pink-1885,https://uploads3.wikiart.org/images/edgar-degas/dancers-in-pink-1885.jpg,Dancers in Pink
Edward Hopper,1943,https://wikiart.org/en/edward-hopper/summertime,https://uploads4.wikiart.org/images/edward-hopper/summertime.jpg,Summertime
Robert Delaunay,-1,https://wikiart.org/en/robert-delaunay/color-explosion,https://uploads2.wikiart.org/images/robert-delaunay/color-explosion.jpg,Color Explosion
Paul Gauguin,1888,https://wikiart.org/en/paul-gauguin/breton-woman-and-goose-by-the-water-1888,https://uploads6.wikiart.org/images/paul-gauguin/breton-woman-and-goose-by-the-water-1888.jpg,Breton Woman and Goose by the Water
Claude Monet,1864,https://wikiart.org/en/claude-monet/farm-near-honfleur,https://uploads2.wikiart.org/images/claude-monet/farm-near-honfleur.jpg,Farm near Honfleur
Balthus,1945,https://wikiart.org/en/balthus/the-golden-years,https://uploads4.wikiart.org/images/balthus/the-golden-years.jpg,The Golden Years
William Turner,1831,https://wikiart.org/en/william-turner/fort-vimieux,https://uploads7.wikiart.org/images/william-turner/fort-vimieux.jpg,Fort Vimieux
Edward Hopper,1909,https://wikiart.org/en/edward-hopper/summer-interior,https://uploads0.wikiart.org/images/edward-hopper/summer-interior.jpg,Summer Interior
Katsushika Hokusai,1834,https://wikiart.org/en/katsushika-hokusai/canary-and-peony,https://uploads6.wikiart.org/images/katsushika-hokusai/canary-and-peony.jpg,Canary and Peony
Norman Rockwell,1944,https://wikiart.org/en/norman-rockwell/visits-a-ration-board-1944,https://uploads4.wikiart.org/images/norman-rockwell/visits-a-ration-board-1944.jpg,Visits a Ration Board
Vincent van Gogh,1862,https://wikiart.org/en/vincent-van-gogh/the-goat-herd-1862,https://uploads6.wikiart.org/images/vincent-van-gogh/the-goat-herd-1862.jpg,The Goat Herd
Edward Hopper,1913,https://wikiart.org/en/edward-hopper/queensborough-bridge,https://uploads5.wikiart.org/images/edward-hopper/queensborough-bridge.jpg,Queensborough-Bridge
Claude Monet,1886,https://wikiart.org/en/claude-monet/the-rocks-of-belle-lle,https://uploads6.wikiart.org/images/claude-monet/the-rocks-of-belle-lle.jpg,The rocks of Belle-Ile
Lucian Freud,1980,https://wikiart.org/en/lucian-freud/naked-man-with-his-friend,https://uploads0.wikiart.org/images/lucian-freud/naked-man-with-his-friend.jpg,Naked Man with his Friend
Claude Monet,1899,https://wikiart.org/en/claude-monet/water-lilies-evening-effect-1899,https://uploads7.wikiart.org/images/claude-monet/water-lilies-evening-effect-1899.jpg,"Water Lilies, Evening Effect"
Edward Hopper,1962,https://wikiart.org/en/edward-hopper/new-york-office,https://uploads0.wikiart.org/images/edward-hopper/new-york-office.jpg,New York Office
Friedensreich Hundertwasser,1994,https://wikiart.org/en/friedensreich-hundertwasser/city-view,https://uploads8.wikiart.org/images/friedensreich-hundertwasser/city-view.jpg,992 City View
Pieter Bruegel the Elder,1560,https://wikiart.org/en/pieter-bruegel-the-elder/children-s-games-1560,https://uploads8.wikiart.org/images/pieter-bruegel-the-elder/children-s-games-1560.jpg,Children's Games
Leonardo da Vinci,1482,https://wikiart.org/en/leonardo-da-vinci/design-for-a-giant-crossbow-1482,https://uploads3.wikiart.org/images/leonardo-da-vinci/design-for-a-giant-crossbow-1482.jpg,Design for a Giant Crossbow
Gustav Klimt,1905,https://wikiart.org/en/gustav-klimt/the-three-ages-of-woman-1905,https://uploads3.wikiart.org/images/gustav-klimt/the-three-ages-of-woman-1905.jpg,The Three Ages of Woman
Lucian Freud,1968,https://wikiart.org/en/lucian-freud/naked-girl-asleep-ii-1968,https://uploads0.wikiart.org/images/lucian-freud/naked-girl-asleep-ii-1968.jpg,Naked Girl Asleep II
Giotto,1306,https://www.wikiart.org/en/giotto/lamentation-the-mourning-of-christ-1306-1,https://uploads3.wikiart.org/images/giotto/lamentation-the-mourning-of-christ.jpg,Lamentation (The Mourning of Christ)
Emil Nolde,1911,https://wikiart.org/en/emil-nolde/mask-still-life-iii-1911,https://uploads6.wikiart.org/images/emil-nolde/mask-still-life-iii-1911.jpg,Mask Still Life III
Balthus,1937,https://wikiart.org/en/balthus/the-white-skirt-1937,https://uploads8.wikiart.org/images/balthus/the-white-skirt-1937.jpg,The white skirt
Edward Hopper,1936,https://wikiart.org/en/edward-hopper/the-circle-theatre,https://uploads3.wikiart.org/images/edward-hopper/the-circle-theatre.jpg,The Circle Theatre
